// GENERATED by tools/fontgen.py from components/qz_gfx/fonts/*.bdf - DO NOT EDIT.
// Spleen 2.2.0 (BSD-2-Clause, (c) Frederic Cambus); see components/qz_gfx/fonts/PROVENANCE.md.
// Regenerate: python3 tools/fontgen.py   Verify: python3 tools/fontgen.py --check
// NOLINTBEGIN
#pragma once

#include "qz/gfx/framebuffer.hpp"

#include <cstdint>

namespace qz::gfx::generated {

// Small: spleen-6x12.bdf, scale 1x1, U+0020..U+00FF, 224 glyphs, 1433 bitmap bytes.
inline constexpr std::uint8_t kSmallBitmap[] = {
    0x80, 0x80, 0x80, 0x80, 0x80, 0x80, 0x00, 0x80, 0xa0, 0xa0, 0xa0, 0x50, 0xf8, 0x50, 0x50, 0x50,
    0xf8, 0x50, 0x20, 0x78, 0xa0, 0xa0, 0x70, 0x28, 0x28, 0x28, 0xf0, 0x20, 0x10, 0x90, 0xa0, 0x20,
    0x40, 0x50, 0x90, 0x80, 0x30, 0x48, 0x48, 0x30, 0x60, 0x94, 0x88, 0x74, 0x80, 0x80, 0x80, 0x30,
    0x40, 0x80, 0x80, 0x80, 0x80, 0x80, 0x80, 0x40, 0x30, 0xc0, 0x20, 0x10, 0x10, 0x10, 0x10, 0x10,
    0x10, 0x20, 0xc0, 0x48, 0x30, 0xfc, 0x30, 0x48, 0x20, 0x20, 0xf8, 0x20, 0x20, 0x40, 0x40, 0x80,
    0xf8, 0x80, 0x08, 0x08, 0x10, 0x10, 0x20, 0x20, 0x40, 0x40, 0x80, 0x80, 0x70, 0x88, 0x98, 0xa8,
    0xc8, 0x88, 0x88, 0x70, 0x40, 0xc0, 0x40, 0x40, 0x40, 0x40, 0x40, 0xe0, 0x70, 0x88, 0x08, 0x08,
    0x70, 0x80, 0x80, 0xf8, 0x70, 0x88, 0x08, 0x30, 0x08, 0x08, 0x88, 0x70, 0x80, 0x80, 0x90, 0x90,
    0x90, 0xf8, 0x10, 0x10, 0xf8, 0x80, 0x80, 0xf0, 0x08, 0x08, 0x08, 0xf0, 0x70, 0x80, 0x80, 0xf0,
    0x88, 0x88, 0x88, 0x70, 0xf8, 0x88, 0x08, 0x10, 0x20, 0x20, 0x20, 0x20, 0x70, 0x88, 0x88, 0x70,
    0x88, 0x88, 0x88, 0x70, 0x70, 0x88, 0x88, 0x88, 0x78, 0x08, 0x08, 0x70, 0x80, 0x00, 0x00, 0x00,
    0x80, 0x40, 0x00, 0x00, 0x40, 0x40, 0x80, 0x10, 0x20, 0x40, 0x80, 0x80, 0x40, 0x20, 0x10, 0xf8,
    0x00, 0xf8, 0x80, 0x40, 0x20, 0x10, 0x10, 0x20, 0x40, 0x80, 0x70, 0x88, 0x08, 0x10, 0x20, 0x20,
    0x00, 0x20, 0x70, 0x88, 0x88, 0xb8, 0xb8, 0xb8, 0x80, 0x78, 0x70, 0x88, 0x88, 0x88, 0xf8, 0x88,
    0x88, 0x88, 0xf0, 0x88, 0x88, 0xf0, 0x88, 0x88, 0x88, 0xf0, 0x78, 0x80, 0x80, 0x80, 0x80, 0x80,
    0x80, 0x78, 0xf0, 0x88, 0x88, 0x88, 0x88, 0x88, 0x88, 0xf0, 0x78, 0x80, 0x80, 0xf0, 0x80, 0x80,
    0x80, 0x78, 0x78, 0x80, 0x80, 0xf0, 0x80, 0x80, 0x80, 0x80, 0x78, 0x80, 0x80, 0xb8, 0x88, 0x88,
    0x88, 0x78, 0x88, 0x88, 0x88, 0xf8, 0x88, 0x88, 0x88, 0x88, 0xe0, 0x40, 0x40, 0x40, 0x40, 0x40,
    0x40, 0xe0, 0x70, 0x20, 0x20, 0x20, 0x20, 0x20, 0x20, 0xc0, 0x88, 0x88, 0x90, 0xe0, 0x90, 0x88,
    0x88, 0x88, 0x80, 0x80, 0x80, 0x80, 0x80, 0x80, 0x80, 0x78, 0x88, 0xd8, 0xf8, 0xa8, 0x88, 0x88,
    0x88, 0x88, 0x88, 0xc8, 0xc8, 0xa8, 0xa8, 0x98, 0x98, 0x88, 0x70, 0x88, 0x88, 0x88, 0x88, 0x88,
    0x88, 0x70, 0xf0, 0x88, 0x88, 0x88, 0xf0, 0x80, 0x80, 0x80, 0x70, 0x88, 0x88, 0x88, 0x88, 0x88,
    0x88, 0x70, 0x18, 0xf0, 0x88, 0x88, 0x88, 0xf0, 0x88, 0x88, 0x88, 0x78, 0x80, 0x80, 0x70, 0x08,
    0x08, 0x08, 0xf0, 0xf8, 0x20, 0x20, 0x20, 0x20, 0x20, 0x20, 0x20, 0x88, 0x88, 0x88, 0x88, 0x88,
    0x88, 0x88, 0x78, 0x88, 0x88, 0x88, 0x88, 0x88, 0x88, 0x70, 0x70, 0x88, 0x88, 0x88, 0x88, 0xa8,
    0xf8, 0xd8, 0x88, 0x88, 0x88, 0x50, 0x20, 0x50, 0x88, 0x88, 0x88, 0x88, 0x88, 0x88, 0x88, 0x78,
    0x08, 0x08, 0xf0, 0xf8, 0x08, 0x10, 0x20, 0x40, 0x80, 0x80, 0xf8, 0xf0, 0x80, 0x80, 0x80, 0x80,
    0x80, 0x80, 0x80, 0x80, 0xf0, 0x80, 0x80, 0x40, 0x40, 0x20, 0x20, 0x10, 0x10, 0x08, 0x08, 0xf0,
    0x10, 0x10, 0x10, 0x10, 0x10, 0x10, 0x10, 0x10, 0xf0, 0x20, 0x50, 0x88, 0x80, 0x40, 0x20, 0x70,
    0x08, 0x78, 0x88, 0x88, 0x78, 0x80, 0x80, 0xf0, 0x88, 0x88, 0x88, 0x88, 0xf0, 0x78, 0x80, 0x80,
    0x80, 0x80, 0x78, 0x08, 0x08, 0x78, 0x88, 0x88, 0x88, 0x88, 0x78, 0x78, 0x88, 0x88, 0xf8, 0x80,
    0x78, 0x38, 0x40, 0x40, 0xf0, 0x40, 0x40, 0x40, 0x40, 0x78, 0x88, 0x88, 0x88, 0x88, 0x70, 0x08,
    0xf0, 0x80, 0x80, 0xf0, 0x88, 0x88, 0x88, 0x88, 0x88, 0x40, 0x00, 0xc0, 0x40, 0x40, 0x40, 0x40,
    0x60, 0x20, 0x00, 0x20, 0x20, 0x20, 0x20, 0x20, 0x20, 0xc0, 0x80, 0x80, 0x90, 0xa0, 0xc0, 0xa0,
    0x90, 0x88, 0x80, 0x80, 0x80, 0x80, 0x80, 0x80, 0x80, 0x60, 0xf0, 0xa8, 0xa8, 0xa8, 0x88, 0x88,
    0xf0, 0x88, 0x88, 0x88, 0x88, 0x88, 0x70, 0x88, 0x88, 0x88, 0x88, 0x70, 0xf0, 0x88, 0x88, 0x88,
    0x88, 0xf0, 0x80, 0x80, 0x80, 0x78, 0x88, 0x88, 0x88, 0x88, 0x78, 0x08, 0x08, 0x08, 0x78, 0x88,
    0x80, 0x80, 0x80, 0x80, 0x78, 0x80, 0x70, 0x08, 0x08, 0xf0, 0x40, 0x40, 0xe0, 0x40, 0x40, 0x40,
    0x40, 0x30, 0x88, 0x88, 0x88, 0x88, 0x88, 0x78, 0x88, 0x88, 0x88, 0x88, 0x50, 0x20, 0x88, 0x88,
    0xa8, 0xf8, 0xd8, 0x88, 0x88, 0x88, 0x70, 0x70, 0x88, 0x88, 0x88, 0x88, 0x88, 0x88, 0x88, 0x78,
    0x08, 0x08, 0xf0, 0xf8, 0x08, 0x10, 0x20, 0x40, 0xf8, 0x18, 0x20, 0x20, 0x20, 0xc0, 0xc0, 0x20,
    0x20, 0x20, 0x18, 0x80, 0x80, 0x80, 0x80, 0x80, 0x80, 0x80, 0x80, 0x80, 0x80, 0xc0, 0x20, 0x20,
    0x20, 0x18, 0x18, 0x20, 0x20, 0x20, 0xc0, 0x48, 0xb0, 0x80, 0x00, 0x80, 0x80, 0x80, 0x80, 0x80,
    0x80, 0x20, 0x78, 0xa0, 0xa0, 0xa0, 0xa0, 0x78, 0x20, 0x30, 0x48, 0x40, 0x40, 0xf0, 0x40, 0x80,
    0xf8, 0x90, 0x60, 0x90, 0x90, 0x60, 0x90, 0x88, 0x50, 0x20, 0x70, 0x20, 0x70, 0x20, 0x20, 0x80,
    0x80, 0x80, 0x80, 0x00, 0x00, 0x80, 0x80, 0x80, 0x80, 0x60, 0x90, 0x40, 0x60, 0x90, 0x90, 0x90,
    0x60, 0x20, 0x90, 0x60, 0xa0, 0x78, 0x84, 0x94, 0xa4, 0xa4, 0xb4, 0x84, 0x78, 0x60, 0x10, 0x70,
    0x90, 0x70, 0x00, 0xf0, 0x24, 0x48, 0x90, 0x90, 0x48, 0x24, 0xf8, 0x08, 0x08, 0xe0, 0x78, 0x84,
    0xb4, 0xac, 0xb4, 0xac, 0x84, 0x78, 0x60, 0x90, 0x90, 0x60, 0x20, 0x20, 0xf8, 0x20, 0x20, 0x00,
    0xf8, 0x60, 0x90, 0x10, 0x20, 0x40, 0xf0, 0x60, 0x90, 0x20, 0x10, 0x90, 0x60, 0x20, 0x40, 0x80,
    0x90, 0x90, 0x90, 0x90, 0x90, 0xe8, 0x80, 0x80, 0x78, 0xa8, 0xa8, 0x68, 0x28, 0x28, 0x28, 0x28,
    0x40, 0xc0, 0x40, 0x40, 0x40, 0xe0, 0x60, 0x90, 0x90, 0x90, 0x60, 0x00, 0xf0, 0x90, 0x48, 0x24,
    0x24, 0x48, 0x90, 0x40, 0xc0, 0x40, 0x44, 0x48, 0x10, 0x20, 0x60, 0xa8, 0x3c, 0x08, 0x08, 0x40,
    0xc0, 0x40, 0x44, 0x48, 0x10, 0x20, 0x58, 0xa4, 0x08, 0x10, 0x3c, 0x60, 0x90, 0x20, 0x14, 0x98,
    0x70, 0x20, 0x60, 0xa8, 0x3c, 0x08, 0x08, 0x20, 0x00, 0x20, 0x20, 0x40, 0x80, 0x88, 0x70, 0x40,
    0x20, 0x70, 0x88, 0x88, 0xf8, 0x88, 0x88, 0x88, 0x10, 0x20, 0x70, 0x88, 0x88, 0xf8, 0x88, 0x88,
    0x88, 0x20, 0x50, 0x70, 0x88, 0x88, 0xf8, 0x88, 0x88, 0x88, 0x48, 0xb0, 0x70, 0x88, 0x88, 0xf8,
    0x88, 0x88, 0x88, 0x50, 0x00, 0x70, 0x88, 0x88, 0xf8, 0x88, 0x88, 0x88, 0x78, 0xa0, 0xa0, 0xa0,
    0xf8, 0xa0, 0xa0, 0xb8, 0x78, 0x80, 0x80, 0x80, 0x80, 0x80, 0x80, 0x78, 0x20, 0x20, 0x40, 0x40,
    0x20, 0x78, 0x80, 0x80, 0xf0, 0x80, 0x80, 0x78, 0x10, 0x20, 0x78, 0x80, 0x80, 0xf0, 0x80, 0x80,
    0x78, 0x20, 0x50, 0x78, 0x80, 0x80, 0xf0, 0x80, 0x80, 0x78, 0x50, 0x00, 0x78, 0x80, 0x80, 0xf0,
    0x80, 0x80, 0x78, 0x80, 0x40, 0xe0, 0x40, 0x40, 0x40, 0x40, 0x40, 0xe0, 0x20, 0x40, 0xe0, 0x40,
    0x40, 0x40, 0x40, 0x40, 0xe0, 0x40, 0xa0, 0xe0, 0x40, 0x40, 0x40, 0x40, 0x40, 0xe0, 0xa0, 0x00,
    0xe0, 0x40, 0x40, 0x40, 0x40, 0x40, 0xe0, 0x70, 0x48, 0x48, 0xe8, 0x48, 0x48, 0x48, 0x70, 0x48,
    0xb0, 0x88, 0xc8, 0xc8, 0xa8, 0xa8, 0x98, 0x98, 0x40, 0x20, 0x70, 0x88, 0x88, 0x88, 0x88, 0x88,
    0x70, 0x10, 0x20, 0x70, 0x88, 0x88, 0x88, 0x88, 0x88, 0x70, 0x20, 0x50, 0x70, 0x88, 0x88, 0x88,
    0x88, 0x88, 0x70, 0x48, 0xb0, 0x70, 0x88, 0x88, 0x88, 0x88, 0x88, 0x70, 0x50, 0x00, 0x70, 0x88,
    0x88, 0x88, 0x88, 0x88, 0x70, 0x90, 0x60, 0x60, 0x90, 0x08, 0x70, 0x88, 0x98, 0xa8, 0xa8, 0xc8,
    0x88, 0x70, 0x80, 0x40, 0x20, 0x88, 0x88, 0x88, 0x88, 0x88, 0x88, 0x78, 0x10, 0x20, 0x88, 0x88,
    0x88, 0x88, 0x88, 0x88, 0x78, 0x20, 0x50, 0x88, 0x88, 0x88, 0x88, 0x88, 0x88, 0x78, 0x50, 0x00,
    0x88, 0x88, 0x88, 0x88, 0x88, 0x88, 0x78, 0x10, 0x20, 0x88, 0x88, 0x88, 0x78, 0x08, 0x08, 0xf0,
    0x80, 0xf0, 0x88, 0x88, 0x88, 0x88, 0xf0, 0x80, 0x60, 0x90, 0x90, 0xa0, 0x90, 0x88, 0xc8, 0xb0,
    0x20, 0x10, 0x00, 0x70, 0x08, 0x78, 0x88, 0x88, 0x78, 0x10, 0x20, 0x00, 0x70, 0x08, 0x78, 0x88,
    0x88, 0x78, 0x20, 0x50, 0x00, 0x70, 0x08, 0x78, 0x88, 0x88, 0x78, 0x48, 0xb0, 0x00, 0x70, 0x08,
    0x78, 0x88, 0x88, 0x78, 0x50, 0x00, 0x70, 0x08, 0x78, 0x88, 0x88, 0x78, 0x20, 0x50, 0x20, 0x70,
    0x08, 0x78, 0x88, 0x88, 0x78, 0xd8, 0x28, 0x68, 0xb8, 0xa0, 0x78, 0x78, 0x80, 0x80, 0x80, 0x80,
    0x78, 0x20, 0x20, 0x40, 0x20, 0x10, 0x00, 0x78, 0x88, 0x88, 0xf8, 0x80, 0x78, 0x10, 0x20, 0x00,
    0x78, 0x88, 0x88, 0xf8, 0x80, 0x78, 0x20, 0x50, 0x00, 0x78, 0x88, 0x88, 0xf8, 0x80, 0x78, 0x50,
    0x00, 0x78, 0x88, 0x88, 0xf8, 0x80, 0x78, 0x40, 0x20, 0x00, 0xc0, 0x40, 0x40, 0x40, 0x40, 0x60,
    0x20, 0x40, 0x00, 0xc0, 0x40, 0x40, 0x40, 0x40, 0x60, 0x40, 0xa0, 0x00, 0xc0, 0x40, 0x40, 0x40,
    0x40, 0x60, 0xa0, 0x00, 0xc0, 0x40, 0x40, 0x40, 0x40, 0x60, 0xa0, 0x40, 0xa0, 0x70, 0x88, 0x88,
    0x88, 0x88, 0x70, 0x48, 0xb0, 0x00, 0xf0, 0x88, 0x88, 0x88, 0x88, 0x88, 0x20, 0x10, 0x00, 0x70,
    0x88, 0x88, 0x88, 0x88, 0x70, 0x10, 0x20, 0x00, 0x70, 0x88, 0x88, 0x88, 0x88, 0x70, 0x20, 0x50,
    0x00, 0x70, 0x88, 0x88, 0x88, 0x88, 0x70, 0x48, 0xb0, 0x00, 0x70, 0x88, 0x88, 0x88, 0x88, 0x70,
    0x50, 0x00, 0x70, 0x88, 0x88, 0x88, 0x88, 0x70, 0x20, 0x00, 0xf8, 0x00, 0x20, 0x08, 0x70, 0x98,
    0xa8, 0xc8, 0x88, 0x70, 0x80, 0x20, 0x10, 0x00, 0x88, 0x88, 0x88, 0x88, 0x88, 0x78, 0x10, 0x20,
    0x00, 0x88, 0x88, 0x88, 0x88, 0x88, 0x78, 0x20, 0x50, 0x00, 0x88, 0x88, 0x88, 0x88, 0x88, 0x78,
    0x50, 0x00, 0x88, 0x88, 0x88, 0x88, 0x88, 0x78, 0x10, 0x20, 0x00, 0x88, 0x88, 0x88, 0x88, 0x88,
    0x78, 0x08, 0x08, 0xf0, 0x80, 0x80, 0xf0, 0x88, 0x88, 0x88, 0x88, 0xf0, 0x80, 0x80, 0x50, 0x00,
    0x88, 0x88, 0x88, 0x88, 0x88, 0x78, 0x08, 0x08, 0xf0,
};
inline constexpr Glyph kSmallGlyphs[] = {
    {0, 0, 0, 0, 0, 6}, // U+0020
    {0, 1, 8, 2, -8, 6}, // U+0021
    {8, 3, 3, 1, -8, 6}, // U+0022
    {11, 5, 7, 0, -7, 6}, // U+0023
    {18, 5, 10, 0, -9, 6}, // U+0024
    {28, 4, 8, 1, -8, 6}, // U+0025
    {36, 6, 8, 0, -8, 6}, // U+0026
    {44, 1, 3, 2, -8, 6}, // U+0027
    {47, 4, 10, 1, -9, 6}, // U+0028
    {57, 4, 10, 1, -9, 6}, // U+0029
    {67, 6, 5, 0, -6, 6}, // U+002A
    {72, 5, 5, 0, -6, 6}, // U+002B
    {77, 2, 3, 1, -2, 6}, // U+002C
    {80, 5, 1, 0, -4, 6}, // U+002D
    {81, 1, 1, 2, -1, 6}, // U+002E
    {82, 5, 10, 0, -9, 6}, // U+002F
    {92, 5, 8, 0, -8, 6}, // U+0030
    {100, 3, 8, 1, -8, 6}, // U+0031
    {108, 5, 8, 0, -8, 6}, // U+0032
    {116, 5, 8, 0, -8, 6}, // U+0033
    {124, 5, 8, 0, -8, 6}, // U+0034
    {132, 5, 8, 0, -8, 6}, // U+0035
    {140, 5, 8, 0, -8, 6}, // U+0036
    {148, 5, 8, 0, -8, 6}, // U+0037
    {156, 5, 8, 0, -8, 6}, // U+0038
    {164, 5, 8, 0, -8, 6}, // U+0039
    {172, 1, 5, 2, -5, 6}, // U+003A
    {177, 2, 6, 1, -5, 6}, // U+003B
    {183, 4, 8, 1, -8, 6}, // U+003C
    {191, 5, 3, 0, -5, 6}, // U+003D
    {194, 4, 8, 1, -8, 6}, // U+003E
    {202, 5, 8, 0, -8, 6}, // U+003F
    {210, 5, 8, 0, -8, 6}, // U+0040
    {218, 5, 8, 0, -8, 6}, // U+0041
    {226, 5, 8, 0, -8, 6}, // U+0042
    {234, 5, 8, 0, -8, 6}, // U+0043
    {242, 5, 8, 0, -8, 6}, // U+0044
    {250, 5, 8, 0, -8, 6}, // U+0045
    {258, 5, 8, 0, -8, 6}, // U+0046
    {266, 5, 8, 0, -8, 6}, // U+0047
    {274, 5, 8, 0, -8, 6}, // U+0048
    {282, 3, 8, 1, -8, 6}, // U+0049
    {290, 4, 8, 0, -8, 6}, // U+004A
    {298, 5, 8, 0, -8, 6}, // U+004B
    {306, 5, 8, 0, -8, 6}, // U+004C
    {314, 5, 8, 0, -8, 6}, // U+004D
    {322, 5, 8, 0, -8, 6}, // U+004E
    {330, 5, 8, 0, -8, 6}, // U+004F
    {338, 5, 8, 0, -8, 6}, // U+0050
    {346, 5, 9, 0, -8, 6}, // U+0051
    {355, 5, 8, 0, -8, 6}, // U+0052
    {363, 5, 8, 0, -8, 6}, // U+0053
    {371, 5, 8, 0, -8, 6}, // U+0054
    {379, 5, 8, 0, -8, 6}, // U+0055
    {387, 5, 8, 0, -8, 6}, // U+0056
    {395, 5, 8, 0, -8, 6}, // U+0057
    {403, 5, 8, 0, -8, 6}, // U+0058
    {411, 5, 8, 0, -8, 6}, // U+0059
    {419, 5, 8, 0, -8, 6}, // U+005A
    {427, 4, 10, 1, -9, 6}, // U+005B
    {437, 5, 10, 0, -9, 6}, // U+005C
    {447, 4, 10, 1, -9, 6}, // U+005D
    {457, 5, 3, 0, -8, 6}, // U+005E
    {80, 5, 1, 0, 0, 6}, // U+005F
    {460, 3, 3, 1, -8, 6}, // U+0060
    {463, 5, 6, 0, -6, 6}, // U+0061
    {469, 5, 8, 0, -8, 6}, // U+0062
    {477, 5, 6, 0, -6, 6}, // U+0063
    {483, 5, 8, 0, -8, 6}, // U+0064
    {491, 5, 6, 0, -6, 6}, // U+0065
    {497, 5, 8, 0, -8, 6}, // U+0066
    {505, 5, 8, 0, -6, 6}, // U+0067
    {513, 5, 8, 0, -8, 6}, // U+0068
    {521, 3, 8, 1, -8, 6}, // U+0069
    {529, 3, 9, 1, -8, 6}, // U+006A
    {538, 5, 8, 0, -8, 6}, // U+006B
    {546, 3, 8, 1, -8, 6}, // U+006C
    {554, 5, 6, 0, -6, 6}, // U+006D
    {560, 5, 6, 0, -6, 6}, // U+006E
    {566, 5, 6, 0, -6, 6}, // U+006F
    {572, 5, 9, 0, -6, 6}, // U+0070
    {581, 5, 9, 0, -6, 6}, // U+0071
    {590, 5, 6, 0, -6, 6}, // U+0072
    {596, 5, 6, 0, -6, 6}, // U+0073
    {602, 4, 8, 0, -8, 6}, // U+0074
    {610, 5, 6, 0, -6, 6}, // U+0075
    {616, 5, 6, 0, -6, 6}, // U+0076
    {622, 5, 6, 0, -6, 6}, // U+0077
    {628, 5, 6, 0, -6, 6}, // U+0078
    {634, 5, 9, 0, -6, 6}, // U+0079
    {643, 5, 6, 0, -6, 6}, // U+007A
    {649, 5, 10, 0, -9, 6}, // U+007B
    {659, 1, 10, 2, -9, 6}, // U+007C
    {669, 5, 10, 1, -9, 6}, // U+007D
    {679, 5, 2, 0, -4, 6}, // U+007E
    {202, 5, 8, 0, -8, 6}, // U+007F
    {202, 5, 8, 0, -8, 6}, // U+0080
    {202, 5, 8, 0, -8, 6}, // U+0081
    {202, 5, 8, 0, -8, 6}, // U+0082
    {202, 5, 8, 0, -8, 6}, // U+0083
    {202, 5, 8, 0, -8, 6}, // U+0084
    {202, 5, 8, 0, -8, 6}, // U+0085
    {202, 5, 8, 0, -8, 6}, // U+0086
    {202, 5, 8, 0, -8, 6}, // U+0087
    {202, 5, 8, 0, -8, 6}, // U+0088
    {202, 5, 8, 0, -8, 6}, // U+0089
    {202, 5, 8, 0, -8, 6}, // U+008A
    {202, 5, 8, 0, -8, 6}, // U+008B
    {202, 5, 8, 0, -8, 6}, // U+008C
    {202, 5, 8, 0, -8, 6}, // U+008D
    {202, 5, 8, 0, -8, 6}, // U+008E
    {202, 5, 8, 0, -8, 6}, // U+008F
    {202, 5, 8, 0, -8, 6}, // U+0090
    {202, 5, 8, 0, -8, 6}, // U+0091
    {202, 5, 8, 0, -8, 6}, // U+0092
    {202, 5, 8, 0, -8, 6}, // U+0093
    {202, 5, 8, 0, -8, 6}, // U+0094
    {202, 5, 8, 0, -8, 6}, // U+0095
    {202, 5, 8, 0, -8, 6}, // U+0096
    {202, 5, 8, 0, -8, 6}, // U+0097
    {202, 5, 8, 0, -8, 6}, // U+0098
    {202, 5, 8, 0, -8, 6}, // U+0099
    {202, 5, 8, 0, -8, 6}, // U+009A
    {202, 5, 8, 0, -8, 6}, // U+009B
    {202, 5, 8, 0, -8, 6}, // U+009C
    {202, 5, 8, 0, -8, 6}, // U+009D
    {202, 5, 8, 0, -8, 6}, // U+009E
    {202, 5, 8, 0, -8, 6}, // U+009F
    {0, 0, 0, 0, 0, 6}, // U+00A0
    {681, 1, 8, 2, -8, 6}, // U+00A1
    {689, 5, 8, 0, -7, 6}, // U+00A2
    {697, 5, 8, 0, -8, 6}, // U+00A3
    {705, 4, 6, 1, -6, 6}, // U+00A4
    {711, 5, 8, 0, -8, 6}, // U+00A5
    {719, 1, 10, 2, -9, 6}, // U+00A6
    {729, 4, 11, 1, -8, 6}, // U+00A7
    {740, 3, 1, 1, -8, 6}, // U+00A8
    {741, 6, 8, 0, -8, 6}, // U+00A9
    {749, 4, 7, 1, -8, 6}, // U+00AA
    {756, 6, 6, 0, -6, 6}, // U+00AB
    {762, 5, 3, 0, -4, 6}, // U+00AC
    {765, 3, 1, 1, -4, 6}, // U+00AD
    {766, 6, 8, 0, -8, 6}, // U+00AE
    {765, 3, 1, 1, -8, 6}, // U+00AF
    {774, 4, 4, 1, -8, 6}, // U+00B0
    {778, 5, 7, 0, -7, 6}, // U+00B1
    {785, 4, 6, 1, -8, 6}, // U+00B2
    {791, 4, 6, 1, -8, 6}, // U+00B3
    {797, 3, 3, 1, -8, 6}, // U+00B4
    {800, 5, 8, 0, -6, 6}, // U+00B5
    {808, 5, 8, 0, -8, 6}, // U+00B6
    {81, 1, 1, 2, -4, 6}, // U+00B7
    {77, 2, 3, 1, 0, 6}, // U+00B8
    {816, 3, 6, 1, -8, 6}, // U+00B9
    {822, 4, 7, 1, -8, 6}, // U+00BA
    {829, 6, 6, 0, -6, 6}, // U+00BB
    {835, 6, 12, 0, -9, 6}, // U+00BC
    {847, 6, 12, 0, -9, 6}, // U+00BD
    {859, 6, 12, 0, -9, 6}, // U+00BE
    {871, 5, 8, 0, -8, 6}, // U+00BF
    {879, 5, 9, 0, -9, 6}, // U+00C0
    {888, 5, 9, 0, -9, 6}, // U+00C1
    {897, 5, 9, 0, -9, 6}, // U+00C2
    {906, 5, 9, 0, -9, 6}, // U+00C3
    {915, 5, 9, 0, -9, 6}, // U+00C4
    {897, 5, 9, 0, -9, 6}, // U+00C5
    {924, 5, 8, 0, -8, 6}, // U+00C6
    {932, 5, 11, 0, -8, 6}, // U+00C7
    {943, 5, 9, 0, -9, 6}, // U+00C8
    {952, 5, 9, 0, -9, 6}, // U+00C9
    {961, 5, 9, 0, -9, 6}, // U+00CA
    {970, 5, 9, 0, -9, 6}, // U+00CB
    {979, 3, 9, 1, -9, 6}, // U+00CC
    {988, 3, 9, 1, -9, 6}, // U+00CD
    {997, 3, 9, 1, -9, 6}, // U+00CE
    {1006, 3, 9, 1, -9, 6}, // U+00CF
    {1015, 5, 8, 0, -8, 6}, // U+00D0
    {1023, 5, 9, 0, -9, 6}, // U+00D1
    {1032, 5, 9, 0, -9, 6}, // U+00D2
    {1041, 5, 9, 0, -9, 6}, // U+00D3
    {1050, 5, 9, 0, -9, 6}, // U+00D4
    {1059, 5, 9, 0, -9, 6}, // U+00D5
    {1068, 5, 9, 0, -9, 6}, // U+00D6
    {1077, 4, 4, 1, -6, 6}, // U+00D7
    {1081, 5, 10, 0, -9, 6}, // U+00D8
    {1091, 5, 9, 0, -9, 6}, // U+00D9
    {1100, 5, 9, 0, -9, 6}, // U+00DA
    {1109, 5, 9, 0, -9, 6}, // U+00DB
    {1118, 5, 9, 0, -9, 6}, // U+00DC
    {1127, 5, 9, 0, -9, 6}, // U+00DD
    {1136, 5, 8, 0, -7, 6}, // U+00DE
    {1144, 5, 8, 0, -8, 6}, // U+00DF
    {1152, 5, 9, 0, -9, 6}, // U+00E0
    {1161, 5, 9, 0, -9, 6}, // U+00E1
    {1170, 5, 9, 0, -9, 6}, // U+00E2
    {1179, 5, 9, 0, -9, 6}, // U+00E3
    {1188, 5, 8, 0, -8, 6}, // U+00E4
    {1196, 5, 9, 0, -9, 6}, // U+00E5
    {1205, 5, 6, 0, -6, 6}, // U+00E6
    {1211, 5, 9, 0, -6, 6}, // U+00E7
    {1220, 5, 9, 0, -9, 6}, // U+00E8
    {1229, 5, 9, 0, -9, 6}, // U+00E9
    {1238, 5, 9, 0, -9, 6}, // U+00EA
    {1247, 5, 8, 0, -8, 6}, // U+00EB
    {1255, 3, 9, 1, -9, 6}, // U+00EC
    {1264, 3, 9, 1, -9, 6}, // U+00ED
    {1273, 3, 9, 1, -9, 6}, // U+00EE
    {1282, 3, 8, 1, -8, 6}, // U+00EF
    {1290, 5, 9, 0, -9, 6}, // U+00F0
    {1299, 5, 9, 0, -9, 6}, // U+00F1
    {1308, 5, 9, 0, -9, 6}, // U+00F2
    {1317, 5, 9, 0, -9, 6}, // U+00F3
    {1326, 5, 9, 0, -9, 6}, // U+00F4
    {1335, 5, 9, 0, -9, 6}, // U+00F5
    {1344, 5, 8, 0, -8, 6}, // U+00F6
    {1352, 5, 5, 0, -6, 6}, // U+00F7
    {1357, 5, 8, 0, -7, 6}, // U+00F8
    {1365, 5, 9, 0, -9, 6}, // U+00F9
    {1374, 5, 9, 0, -9, 6}, // U+00FA
    {1383, 5, 9, 0, -9, 6}, // U+00FB
    {1392, 5, 8, 0, -8, 6}, // U+00FC
    {1400, 5, 12, 0, -9, 6}, // U+00FD
    {1412, 5, 10, 0, -8, 6}, // U+00FE
    {1422, 5, 11, 0, -8, 6}, // U+00FF
};

// Medium: spleen-8x16.bdf, scale 1x1, U+0020..U+00FF, 224 glyphs, 1782 bitmap bytes.
inline constexpr std::uint8_t kMediumBitmap[] = {
    0xc0, 0xc0, 0xc0, 0xc0, 0xc0, 0xc0, 0xc0, 0x00, 0xc0, 0xc0, 0xcc, 0xcc, 0xcc, 0xcc, 0x6c, 0x6c,
    0xfe, 0x6c, 0x6c, 0x6c, 0x6c, 0xfe, 0x6c, 0x6c, 0x10, 0x7e, 0xd0, 0xd0, 0xd0, 0x7c, 0x16, 0x16,
    0x16, 0x16, 0xfc, 0x10, 0x0c, 0xcc, 0xd8, 0x18, 0x30, 0x30, 0x60, 0x6c, 0xcc, 0xc0, 0x38, 0x6c,
    0x6c, 0x6c, 0x38, 0x70, 0xda, 0xcc, 0xcc, 0x7a, 0xc0, 0xc0, 0xc0, 0xc0, 0x1c, 0x30, 0x60, 0x60,
    0xc0, 0xc0, 0xc0, 0xc0, 0x60, 0x60, 0x30, 0x1c, 0xe0, 0x30, 0x18, 0x18, 0x0c, 0x0c, 0x0c, 0x0c,
    0x18, 0x18, 0x30, 0xe0, 0x66, 0x3c, 0x18, 0xff, 0x18, 0x3c, 0x66, 0x30, 0x30, 0xfc, 0x30, 0x30,
    0x60, 0x60, 0xc0, 0xfc, 0xc0, 0xc0, 0x06, 0x06, 0x0c, 0x0c, 0x18, 0x18, 0x30, 0x30, 0x60, 0x60,
    0xc0, 0xc0, 0x7c, 0xc6, 0xc6, 0xce, 0xde, 0xf6, 0xe6, 0xc6, 0xc6, 0x7c, 0x30, 0x70, 0xf0, 0xb0,
    0x30, 0x30, 0x30, 0x30, 0x30, 0xfc, 0x7c, 0xc6, 0x06, 0x06, 0x0c, 0x18, 0x30, 0x60, 0xc6, 0xfe,
    0x7c, 0xc6, 0x06, 0x06, 0x3c, 0x06, 0x06, 0x06, 0xc6, 0x7c, 0xc0, 0xc0, 0xcc, 0xcc, 0xcc, 0xcc,
    0xfe, 0x0c, 0x0c, 0x0c, 0xfe, 0xc6, 0xc0, 0xc0, 0xfc, 0x06, 0x06, 0x06, 0xc6, 0x7c, 0x7c, 0xc6,
    0xc0, 0xc0, 0xfc, 0xc6, 0xc6, 0xc6, 0xc6, 0x7c, 0xfe, 0xc6, 0x06, 0x06, 0x0c, 0x18, 0x30, 0x30,
    0x30, 0x30, 0x7c, 0xc6, 0xc6, 0xc6, 0x7c, 0xc6, 0xc6, 0xc6, 0xc6, 0x7c, 0x7c, 0xc6, 0xc6, 0xc6,
    0xc6, 0x7e, 0x06, 0x06, 0xc6, 0x7c, 0xc0, 0xc0, 0x00, 0x00, 0x00, 0xc0, 0xc0, 0x60, 0x60, 0x00,
    0x00, 0x00, 0x60, 0x60, 0xc0, 0x0c, 0x18, 0x30, 0x60, 0xc0, 0xc0, 0x60, 0x30, 0x18, 0x0c, 0xfc,
    0x00, 0x00, 0xfc, 0xc0, 0x60, 0x30, 0x18, 0x0c, 0x0c, 0x18, 0x30, 0x60, 0xc0, 0x7c, 0xc6, 0x06,
    0x0c, 0x18, 0x30, 0x30, 0x00, 0x30, 0x30, 0x7c, 0xc2, 0xda, 0xda, 0xda, 0xda, 0xde, 0xc0, 0x7c,
    0x7c, 0xc6, 0xc6, 0xc6, 0xfe, 0xc6, 0xc6, 0xc6, 0xc6, 0xc6, 0xfc, 0xc6, 0xc6, 0xc6, 0xfc, 0xc6,
    0xc6, 0xc6, 0xc6, 0xfc, 0x7e, 0xc0, 0xc0, 0xc0, 0xc0, 0xc0, 0xc0, 0xc0, 0xc0, 0x7e, 0xfc, 0xc6,
    0xc6, 0xc6, 0xc6, 0xc6, 0xc6, 0xc6, 0xc6, 0xfc, 0x7e, 0xc0, 0xc0, 0xc0, 0xf8, 0xc0, 0xc0, 0xc0,
    0xc0, 0x7e, 0x7e, 0xc0, 0xc0, 0xc0, 0xf8, 0xc0, 0xc0, 0xc0, 0xc0, 0xc0, 0x7e, 0xc0, 0xc0, 0xc0,
    0xde, 0xc6, 0xc6, 0xc6, 0xc6, 0x7e, 0xc6, 0xc6, 0xc6, 0xc6, 0xfe, 0xc6, 0xc6, 0xc6, 0xc6, 0xc6,
    0xfc, 0x30, 0x30, 0x30, 0x30, 0x30, 0x30, 0x30, 0x30, 0xfc, 0x7e, 0x18, 0x18, 0x18, 0x18, 0x18,
    0x18, 0x18, 0x18, 0xf0, 0xc6, 0xc6, 0xc6, 0xcc, 0xf8, 0xcc, 0xc6, 0xc6, 0xc6, 0xc6, 0xc0, 0xc0,
    0xc0, 0xc0, 0xc0, 0xc0, 0xc0, 0xc0, 0xc0, 0x7e, 0xc6, 0xee, 0xfe, 0xd6, 0xc6, 0xc6, 0xc6, 0xc6,
    0xc6, 0xc6, 0xc6, 0xc6, 0xe6, 0xe6, 0xd6, 0xd6, 0xce, 0xce, 0xc6, 0xc6, 0x7c, 0xc6, 0xc6, 0xc6,
    0xc6, 0xc6, 0xc6, 0xc6, 0xc6, 0x7c, 0xfc, 0xc6, 0xc6, 0xc6, 0xfc, 0xc0, 0xc0, 0xc0, 0xc0, 0xc0,
    0x7c, 0xc6, 0xc6, 0xc6, 0xc6, 0xc6, 0xc6, 0xd6, 0xd6, 0x7c, 0x18, 0x0c, 0xfc, 0xc6, 0xc6, 0xc6,
    0xfc, 0xc6, 0xc6, 0xc6, 0xc6, 0xc6, 0x7e, 0xc0, 0xc0, 0xc0, 0x7c, 0x06, 0x06, 0x06, 0x06, 0xfc,
    0xff, 0x18, 0x18, 0x18, 0x18, 0x18, 0x18, 0x18, 0x18, 0x18, 0xc6, 0xc6, 0xc6, 0xc6, 0xc6, 0xc6,
    0xc6, 0xc6, 0xc6, 0x7e, 0xc6, 0xc6, 0xc6, 0xc6, 0xc6, 0xc6, 0xc6, 0x6c, 0x38, 0x10, 0xc6, 0xc6,
    0xc6, 0xc6, 0xc6, 0xc6, 0xd6, 0xfe, 0xee, 0xc6, 0xc6, 0xc6, 0xc6, 0x6c, 0x38, 0x6c, 0xc6, 0xc6,
    0xc6, 0xc6, 0xc6, 0xc6, 0xc6, 0xc6, 0x7e, 0x06, 0x06, 0x06, 0x06, 0xfc, 0xfe, 0x06, 0x06, 0x0c,
    0x18, 0x30, 0x60, 0xc0, 0xc0, 0xfe, 0xf8, 0xc0, 0xc0, 0xc0, 0xc0, 0xc0, 0xc0, 0xc0, 0xc0, 0xc0,
    0xc0, 0xf8, 0xc0, 0xc0, 0x60, 0x60, 0x30, 0x30, 0x18, 0x18, 0x0c, 0x0c, 0x06, 0x06, 0xf8, 0x18,
    0x18, 0x18, 0x18, 0x18, 0x18, 0x18, 0x18, 0x18, 0x18, 0xf8, 0x10, 0x38, 0x6c, 0xc6, 0xfe, 0xc0,
    0x60, 0x30, 0x7c, 0x06, 0x7e, 0xc6, 0xc6, 0xc6, 0x7e, 0xc0, 0xc0, 0xc0, 0xfc, 0xc6, 0xc6, 0xc6,
    0xc6, 0xc6, 0xfc, 0x7e, 0xc0, 0xc0, 0xc0, 0xc0, 0xc0, 0x7e, 0x06, 0x06, 0x06, 0x7e, 0xc6, 0xc6,
    0xc6, 0xc6, 0xc6, 0x7e, 0x7e, 0xc6, 0xc6, 0xfe, 0xc0, 0xc0, 0x7e, 0x3c, 0x60, 0x60, 0x60, 0xf8,
    0x60, 0x60, 0x60, 0x60, 0x60, 0x7e, 0xc6, 0xc6, 0xc6, 0xc6, 0xc6, 0x7c, 0x06, 0x06, 0xfc, 0xc0,
    0xc0, 0xc0, 0xfc, 0xc6, 0xc6, 0xc6, 0xc6, 0xc6, 0xc6, 0x60, 0x60, 0x00, 0xe0, 0x60, 0x60, 0x60,
    0x60, 0x60, 0x70, 0x30, 0x30, 0x00, 0x30, 0x30, 0x30, 0x30, 0x30, 0x30, 0x30, 0x30, 0x30, 0xe0,
    0xc0, 0xc0, 0xc0, 0xcc, 0xd8, 0xf0, 0xf0, 0xd8, 0xcc, 0xc6, 0xc0, 0xc0, 0xc0, 0xc0, 0xc0, 0xc0,
    0xc0, 0xc0, 0xc0, 0x70, 0xec, 0xd6, 0xd6, 0xd6, 0xd6, 0xc6, 0xc6, 0xfc, 0xc6, 0xc6, 0xc6, 0xc6,
    0xc6, 0xc6, 0x7c, 0xc6, 0xc6, 0xc6, 0xc6, 0xc6, 0x7c, 0xfc, 0xc6, 0xc6, 0xc6, 0xc6, 0xc6, 0xfc,
    0xc0, 0xc0, 0xc0, 0x7e, 0xc6, 0xc6, 0xc6, 0xc6, 0xc6, 0x7e, 0x06, 0x06, 0x06, 0x7e, 0xc6, 0xc0,
    0xc0, 0xc0, 0xc0, 0xc0, 0x7e, 0xc0, 0xc0, 0x7c, 0x06, 0x06, 0xfc, 0x60, 0x60, 0x60, 0xf8, 0x60,
    0x60, 0x60, 0x60, 0x60, 0x3c, 0xc6, 0xc6, 0xc6, 0xc6, 0xc6, 0xc6, 0x7e, 0xc6, 0xc6, 0xc6, 0xc6,
    0x6c, 0x38, 0x10, 0xc6, 0xc6, 0xd6, 0xd6, 0xd6, 0xd6, 0x6e, 0xc6, 0x6c, 0x38, 0x38, 0x6c, 0xc6,
    0xc6, 0xc6, 0xc6, 0xc6, 0xc6, 0xc6, 0xc6, 0x7e, 0x06, 0x06, 0xfc, 0xfe, 0x06, 0x0c, 0x18, 0x30,
    0x60, 0xfe, 0x1c, 0x30, 0x30, 0x30, 0x30, 0xe0, 0xe0, 0x30, 0x30, 0x30, 0x30, 0x1c, 0xc0, 0xc0,
    0xc0, 0xc0, 0xc0, 0xc0, 0xc0, 0xc0, 0xc0, 0xc0, 0xc0, 0xc0, 0xe0, 0x30, 0x30, 0x30, 0x30, 0x1c,
    0x1c, 0x30, 0x30, 0x30, 0x30, 0xe0, 0x64, 0xfc, 0x98, 0xc0, 0xc0, 0x00, 0xc0, 0xc0, 0xc0, 0xc0,
    0xc0, 0xc0, 0xc0, 0x08, 0x7e, 0xc8, 0xc8, 0xc8, 0xc8, 0xc8, 0x7e, 0x08, 0x38, 0x6c, 0x60, 0x60,
    0x60, 0xf8, 0x60, 0x60, 0xc0, 0xfe, 0xcc, 0x78, 0xcc, 0xcc, 0xcc, 0x78, 0xcc, 0xc3, 0xc3, 0x66,
    0x3c, 0x18, 0x3c, 0x18, 0x3c, 0x18, 0x18, 0xc0, 0xc0, 0xc0, 0xc0, 0xc0, 0x00, 0x00, 0xc0, 0xc0,
    0xc0, 0xc0, 0xc0, 0x78, 0xcc, 0xc0, 0x60, 0x78, 0xcc, 0xcc, 0xcc, 0xcc, 0x78, 0x18, 0x0c, 0xcc,
    0x78, 0xd8, 0xd8, 0x7c, 0x82, 0x9a, 0xa2, 0xa2, 0xa2, 0x9a, 0x82, 0x7c, 0x70, 0x18, 0x78, 0x98,
    0x78, 0x00, 0xf8, 0x33, 0x66, 0xcc, 0x66, 0x33, 0xfe, 0x06, 0x06, 0x06, 0xf0, 0x7c, 0x82, 0xba,
    0xaa, 0xb2, 0xaa, 0xaa, 0x82, 0x7c, 0xf8, 0x70, 0xd8, 0xd8, 0x70, 0x30, 0x30, 0xfc, 0x30, 0x30,
    0x00, 0xfc, 0x70, 0x98, 0x18, 0x70, 0xc0, 0xf8, 0x70, 0x98, 0x30, 0x18, 0x98, 0x70, 0x30, 0x60,
    0xc0, 0xcc, 0xcc, 0xcc, 0xcc, 0xcc, 0xcc, 0xf6, 0xc0, 0xc0, 0xc0, 0x7e, 0xd6, 0xd6, 0xd6, 0x76,
    0x16, 0x16, 0x16, 0x16, 0x16, 0x60, 0xe0, 0x60, 0x60, 0x60, 0xf0, 0x70, 0xd8, 0xd8, 0x70, 0x00,
    0x00, 0xf8, 0xcc, 0x66, 0x33, 0x66, 0xcc, 0x40, 0xc0, 0x40, 0x42, 0x46, 0xec, 0x18, 0x30, 0x70,
    0xd4, 0x94, 0x1e, 0x04, 0x04, 0x40, 0xc0, 0x40, 0x42, 0x46, 0xec, 0x18, 0x30, 0x6c, 0xd2, 0x82,
    0x0c, 0x10, 0x1e, 0x60, 0x90, 0x20, 0x12, 0x96, 0x6c, 0x18, 0x30, 0x70, 0xd4, 0x94, 0x1e, 0x04,
    0x04, 0x18, 0x18, 0x00, 0x18, 0x18, 0x30, 0x60, 0xc0, 0xc6, 0x7c, 0x30, 0x18, 0x00, 0x7c, 0xc6,
    0xc6, 0xc6, 0xfe, 0xc6, 0xc6, 0xc6, 0xc6, 0x18, 0x30, 0x00, 0x7c, 0xc6, 0xc6, 0xc6, 0xfe, 0xc6,
    0xc6, 0xc6, 0xc6, 0x38, 0x6c, 0x00, 0x7c, 0xc6, 0xc6, 0xc6, 0xfe, 0xc6, 0xc6, 0xc6, 0xc6, 0x32,
    0x4c, 0x00, 0x7c, 0xc6, 0xc6, 0xc6, 0xfe, 0xc6, 0xc6, 0xc6, 0xc6, 0x6c, 0x6c, 0x00, 0x7c, 0xc6,
    0xc6, 0xc6, 0xfe, 0xc6, 0xc6, 0xc6, 0xc6, 0x38, 0x6c, 0x38, 0x7c, 0xc6, 0xc6, 0xc6, 0xfe, 0xc6,
    0xc6, 0xc6, 0xc6, 0x7e, 0xd8, 0xd8, 0xd8, 0xfe, 0xd8, 0xd8, 0xd8, 0xd8, 0xde, 0x7e, 0xc0, 0xc0,
    0xc0, 0xc0, 0xc0, 0xc0, 0xc0, 0xc0, 0x7e, 0x18, 0x18, 0x30, 0x30, 0x18, 0x00, 0x7e, 0xc0, 0xc0,
    0xc0, 0xf8, 0xc0, 0xc0, 0xc0, 0x7e, 0x18, 0x30, 0x00, 0x7e, 0xc0, 0xc0, 0xc0, 0xf8, 0xc0, 0xc0,
    0xc0, 0x7e, 0x38, 0x6c, 0x00, 0x7e, 0xc0, 0xc0, 0xc0, 0xf8, 0xc0, 0xc0, 0xc0, 0x7e, 0x6c, 0x6c,
    0x00, 0x7e, 0xc0, 0xc0, 0xc0, 0xf8, 0xc0, 0xc0, 0xc0, 0x7e, 0x60, 0x30, 0x00, 0xfc, 0x30, 0x30,
    0x30, 0x30, 0x30, 0x30, 0x30, 0xfc, 0x18, 0x30, 0x00, 0xfc, 0x30, 0x30, 0x30, 0x30, 0x30, 0x30,
    0x30, 0xfc, 0x70, 0xd8, 0x00, 0xfc, 0x30, 0x30, 0x30, 0x30, 0x30, 0x30, 0x30, 0xfc, 0xcc, 0xcc,
    0x00, 0xfc, 0x30, 0x30, 0x30, 0x30, 0x30, 0x30, 0x30, 0xfc, 0x7c, 0x66, 0x66, 0x66, 0xf6, 0x66,
    0x66, 0x66, 0x66, 0x7c, 0x32, 0x4c, 0x00, 0xc6, 0xe6, 0xe6, 0xd6, 0xd6, 0xce, 0xce, 0xc6, 0xc6,
    0x30, 0x18, 0x00, 0x7c, 0xc6, 0xc6, 0xc6, 0xc6, 0xc6, 0xc6, 0xc6, 0x7c, 0x18, 0x30, 0x00, 0x7c,
    0xc6, 0xc6, 0xc6, 0xc6, 0xc6, 0xc6, 0xc6, 0x7c, 0x38, 0x6c, 0x00, 0x7c, 0xc6, 0xc6, 0xc6, 0xc6,
    0xc6, 0xc6, 0xc6, 0x7c, 0x32, 0x4c, 0x00, 0x7c, 0xc6, 0xc6, 0xc6, 0xc6, 0xc6, 0xc6, 0xc6, 0x7c,
    0x6c, 0x6c, 0x00, 0x7c, 0xc6, 0xc6, 0xc6, 0xc6, 0xc6, 0xc6, 0xc6, 0x7c, 0xc6, 0x6c, 0x38, 0x38,
    0x6c, 0xc6, 0x02, 0x7c, 0xc6, 0xce, 0xce, 0xd6, 0xd6, 0xe6, 0xe6, 0xc6, 0x7c, 0x80, 0x30, 0x18,
    0x00, 0xc6, 0xc6, 0xc6, 0xc6, 0xc6, 0xc6, 0xc6, 0xc6, 0x7e, 0x18, 0x30, 0x00, 0xc6, 0xc6, 0xc6,
    0xc6, 0xc6, 0xc6, 0xc6, 0xc6, 0x7e, 0x38, 0x6c, 0x00, 0xc6, 0xc6, 0xc6, 0xc6, 0xc6, 0xc6, 0xc6,
    0xc6, 0x7e, 0x6c, 0x6c, 0x00, 0xc6, 0xc6, 0xc6, 0xc6, 0xc6, 0xc6, 0xc6, 0xc6, 0x7e, 0x18, 0x30,
    0x00, 0xc6, 0xc6, 0xc6, 0xc6, 0x7e, 0x06, 0x06, 0x06, 0xfc, 0xc0, 0xc0, 0xfc, 0xc6, 0xc6, 0xc6,
    0xc6, 0xc6, 0xfc, 0xc0, 0xc0, 0x78, 0xcc, 0xcc, 0xcc, 0xd8, 0xcc, 0xc6, 0xc6, 0xd6, 0xdc, 0x60,
    0x30, 0x18, 0x00, 0x7c, 0x06, 0x7e, 0xc6, 0xc6, 0xc6, 0x7e, 0x0c, 0x18, 0x30, 0x00, 0x7c, 0x06,
    0x7e, 0xc6, 0xc6, 0xc6, 0x7e, 0x10, 0x38, 0x6c, 0x00, 0x7c, 0x06, 0x7e, 0xc6, 0xc6, 0xc6, 0x7e,
    0x32, 0x7e, 0x4c, 0x00, 0x7c, 0x06, 0x7e, 0xc6, 0xc6, 0xc6, 0x7e, 0x6c, 0x6c, 0x00, 0x7c, 0x06,
    0x7e, 0xc6, 0xc6, 0xc6, 0x7e, 0x38, 0x6c, 0x38, 0x00, 0x7c, 0x06, 0x7e, 0xc6, 0xc6, 0xc6, 0x7e,
    0x6e, 0x16, 0x16, 0x7e, 0xd0, 0xd0, 0x6e, 0x7e, 0xc0, 0xc0, 0xc0, 0xc0, 0xc0, 0x7e, 0x18, 0x18,
    0x30, 0x60, 0x30, 0x18, 0x00, 0x7e, 0xc6, 0xc6, 0xfe, 0xc0, 0xc0, 0x7e, 0x0c, 0x18, 0x30, 0x00,
    0x7e, 0xc6, 0xc6, 0xfe, 0xc0, 0xc0, 0x7e, 0x10, 0x38, 0x6c, 0x00, 0x7e, 0xc6, 0xc6, 0xfe, 0xc0,
    0xc0, 0x7e, 0x6c, 0x6c, 0x00, 0x7e, 0xc6, 0xc6, 0xfe, 0xc0, 0xc0, 0x7e, 0xc0, 0x60, 0x30, 0x00,
    0xe0, 0x60, 0x60, 0x60, 0x60, 0x60, 0x70, 0x30, 0x60, 0xc0, 0x00, 0xe0, 0x60, 0x60, 0x60, 0x60,
    0x60, 0x70, 0x30, 0x78, 0xcc, 0x00, 0x70, 0x30, 0x30, 0x30, 0x30, 0x30, 0x38, 0xcc, 0xcc, 0x00,
    0x70, 0x30, 0x30, 0x30, 0x30, 0x30, 0x38, 0xd8, 0x70, 0xd8, 0x0c, 0x7c, 0xc6, 0xc6, 0xc6, 0xc6,
    0xc6, 0x7c, 0x32, 0x7e, 0x4c, 0x00, 0xfc, 0xc6, 0xc6, 0xc6, 0xc6, 0xc6, 0xc6, 0x60, 0x30, 0x18,
    0x00, 0x7c, 0xc6, 0xc6, 0xc6, 0xc6, 0xc6, 0x7c, 0x0c, 0x18, 0x30, 0x00, 0x7c, 0xc6, 0xc6, 0xc6,
    0xc6, 0xc6, 0x7c, 0x10, 0x38, 0x6c, 0x00, 0x7c, 0xc6, 0xc6, 0xc6, 0xc6, 0xc6, 0x7c, 0x32, 0x7e,
    0x4c, 0x00, 0x7c, 0xc6, 0xc6, 0xc6, 0xc6, 0xc6, 0x7c, 0x6c, 0x6c, 0x00, 0x7c, 0xc6, 0xc6, 0xc6,
    0xc6, 0xc6, 0x7c, 0x30, 0x30, 0x00, 0xfc, 0x00, 0x30, 0x30, 0x02, 0x7c, 0xc6, 0xce, 0xd6, 0xe6,
    0xc6, 0x7c, 0x80, 0x60, 0x30, 0x18, 0x00, 0xc6, 0xc6, 0xc6, 0xc6, 0xc6, 0xc6, 0x7e, 0x0c, 0x18,
    0x30, 0x00, 0xc6, 0xc6, 0xc6, 0xc6, 0xc6, 0xc6, 0x7e, 0x10, 0x38, 0x6c, 0x00, 0xc6, 0xc6, 0xc6,
    0xc6, 0xc6, 0xc6, 0x7e, 0x6c, 0x6c, 0x00, 0xc6, 0xc6, 0xc6, 0xc6, 0xc6, 0xc6, 0x7e, 0x0c, 0x18,
    0x30, 0x00, 0xc6, 0xc6, 0xc6, 0xc6, 0xc6, 0xc6, 0x7e, 0x06, 0x06, 0xfc, 0xc0, 0xc0, 0xc0, 0xfc,
    0xc6, 0xc6, 0xc6, 0xc6, 0xc6, 0xfc, 0xc0, 0xc0, 0xc0, 0x6c, 0x6c, 0x00, 0xc6, 0xc6, 0xc6, 0xc6,
    0xc6, 0xc6, 0x7e, 0x06, 0x06, 0xfc,
};
inline constexpr Glyph kMediumGlyphs[] = {
    {0, 0, 0, 0, 0, 8}, // U+0020
    {0, 2, 10, 3, -10, 8}, // U+0021
    {10, 6, 4, 1, -11, 8}, // U+0022
    {14, 7, 10, 0, -10, 8}, // U+0023
    {24, 7, 12, 0, -11, 8}, // U+0024
    {36, 6, 10, 1, -10, 8}, // U+0025
    {46, 7, 10, 0, -10, 8}, // U+0026
    {56, 2, 4, 3, -11, 8}, // U+0027
    {60, 6, 12, 1, -11, 8}, // U+0028
    {72, 6, 12, 1, -11, 8}, // U+0029
    {84, 8, 7, 0, -8, 8}, // U+002A
    {91, 6, 5, 1, -7, 8}, // U+002B
    {96, 3, 3, 2, -2, 8}, // U+002C
    {99, 6, 1, 1, -5, 8}, // U+002D
    {100, 2, 2, 3, -2, 8}, // U+002E
    {102, 7, 12, 0, -11, 8}, // U+002F
    {114, 7, 10, 0, -10, 8}, // U+0030
    {124, 6, 10, 1, -10, 8}, // U+0031
    {134, 7, 10, 0, -10, 8}, // U+0032
    {144, 7, 10, 0, -10, 8}, // U+0033
    {154, 7, 10, 0, -10, 8}, // U+0034
    {164, 7, 10, 0, -10, 8}, // U+0035
    {174, 7, 10, 0, -10, 8}, // U+0036
    {184, 7, 10, 0, -10, 8}, // U+0037
    {194, 7, 10, 0, -10, 8}, // U+0038
    {204, 7, 10, 0, -10, 8}, // U+0039
    {214, 2, 7, 3, -7, 8}, // U+003A
    {221, 3, 8, 2, -7, 8}, // U+003B
    {229, 6, 10, 1, -10, 8}, // U+003C
    {239, 6, 4, 1, -7, 8}, // U+003D
    {243, 6, 10, 1, -10, 8}, // U+003E
    {253, 7, 10, 0, -10, 8}, // U+003F
    {263, 7, 9, 0, -9, 8}, // U+0040
    {272, 7, 10, 0, -10, 8}, // U+0041
    {282, 7, 10, 0, -10, 8}, // U+0042
    {292, 7, 10, 0, -10, 8}, // U+0043
    {302, 7, 10, 0, -10, 8}, // U+0044
    {312, 7, 10, 0, -10, 8}, // U+0045
    {322, 7, 10, 0, -10, 8}, // U+0046
    {332, 7, 10, 0, -10, 8}, // U+0047
    {342, 7, 10, 0, -10, 8}, // U+0048
    {352, 6, 10, 1, -10, 8}, // U+0049
    {362, 7, 10, 0, -10, 8}, // U+004A
    {372, 7, 10, 0, -10, 8}, // U+004B
    {382, 7, 10, 0, -10, 8}, // U+004C
    {392, 7, 10, 0, -10, 8}, // U+004D
    {402, 7, 10, 0, -10, 8}, // U+004E
    {412, 7, 10, 0, -10, 8}, // U+004F
    {422, 7, 10, 0, -10, 8}, // U+0050
    {432, 7, 12, 0, -10, 8}, // U+0051
    {444, 7, 10, 0, -10, 8}, // U+0052
    {454, 7, 10, 0, -10, 8}, // U+0053
    {464, 8, 10, 0, -10, 8}, // U+0054
    {474, 7, 10, 0, -10, 8}, // U+0055
    {484, 7, 10, 0, -10, 8}, // U+0056
    {494, 7, 10, 0, -10, 8}, // U+0057
    {504, 7, 10, 0, -10, 8}, // U+0058
    {514, 7, 10, 0, -10, 8}, // U+0059
    {524, 7, 10, 0, -10, 8}, // U+005A
    {534, 5, 12, 2, -11, 8}, // U+005B
    {546, 7, 12, 0, -11, 8}, // U+005C
    {558, 5, 12, 1, -11, 8}, // U+005D
    {570, 7, 4, 0, -11, 8}, // U+005E
    {574, 7, 1, 0, 2, 8}, // U+005F
    {575, 4, 3, 2, -11, 8}, // U+0060
    {578, 7, 7, 0, -7, 8}, // U+0061
    {585, 7, 10, 0, -10, 8}, // U+0062
    {595, 7, 7, 0, -7, 8}, // U+0063
    {602, 7, 10, 0, -10, 8}, // U+0064
    {612, 7, 7, 0, -7, 8}, // U+0065
    {619, 6, 10, 1, -10, 8}, // U+0066
    {629, 7, 10, 0, -7, 8}, // U+0067
    {639, 7, 10, 0, -10, 8}, // U+0068
    {649, 4, 10, 2, -10, 8}, // U+0069
    {659, 4, 13, 1, -10, 8}, // U+006A
    {672, 7, 10, 0, -10, 8}, // U+006B
    {682, 4, 10, 2, -10, 8}, // U+006C
    {692, 7, 7, 0, -7, 8}, // U+006D
    {699, 7, 7, 0, -7, 8}, // U+006E
    {706, 7, 7, 0, -7, 8}, // U+006F
    {713, 7, 10, 0, -7, 8}, // U+0070
    {723, 7, 10, 0, -7, 8}, // U+0071
    {733, 7, 7, 0, -7, 8}, // U+0072
    {740, 7, 7, 0, -7, 8}, // U+0073
    {747, 6, 10, 1, -10, 8}, // U+0074
    {757, 7, 7, 0, -7, 8}, // U+0075
    {764, 7, 7, 0, -7, 8}, // U+0076
    {771, 7, 7, 0, -7, 8}, // U+0077
    {778, 7, 7, 0, -7, 8}, // U+0078
    {785, 7, 10, 0, -7, 8}, // U+0079
    {795, 7, 7, 0, -7, 8}, // U+007A
    {802, 6, 12, 1, -11, 8}, // U+007B
    {814, 2, 12, 3, -11, 8}, // U+007C
    {826, 6, 12, 1, -11, 8}, // U+007D
    {838, 6, 3, 1, -6, 8}, // U+007E
    {253, 7, 10, 0, -10, 8}, // U+007F
    {253, 7, 10, 0, -10, 8}, // U+0080
    {253, 7, 10, 0, -10, 8}, // U+0081
    {253, 7, 10, 0, -10, 8}, // U+0082
    {253, 7, 10, 0, -10, 8}, // U+0083
    {253, 7, 10, 0, -10, 8}, // U+0084
    {253, 7, 10, 0, -10, 8}, // U+0085
    {253, 7, 10, 0, -10, 8}, // U+0086
    {253, 7, 10, 0, -10, 8}, // U+0087
    {253, 7, 10, 0, -10, 8}, // U+0088
    {253, 7, 10, 0, -10, 8}, // U+0089
    {253, 7, 10, 0, -10, 8}, // U+008A
    {253, 7, 10, 0, -10, 8}, // U+008B
    {253, 7, 10, 0, -10, 8}, // U+008C
    {253, 7, 10, 0, -10, 8}, // U+008D
    {253, 7, 10, 0, -10, 8}, // U+008E
    {253, 7, 10, 0, -10, 8}, // U+008F
    {253, 7, 10, 0, -10, 8}, // U+0090
    {253, 7, 10, 0, -10, 8}, // U+0091
    {253, 7, 10, 0, -10, 8}, // U+0092
    {253, 7, 10, 0, -10, 8}, // U+0093
    {253, 7, 10, 0, -10, 8}, // U+0094
    {253, 7, 10, 0, -10, 8}, // U+0095
    {253, 7, 10, 0, -10, 8}, // U+0096
    {253, 7, 10, 0, -10, 8}, // U+0097
    {253, 7, 10, 0, -10, 8}, // U+0098
    {253, 7, 10, 0, -10, 8}, // U+0099
    {253, 7, 10, 0, -10, 8}, // U+009A
    {253, 7, 10, 0, -10, 8}, // U+009B
    {253, 7, 10, 0, -10, 8}, // U+009C
    {253, 7, 10, 0, -10, 8}, // U+009D
    {253, 7, 10, 0, -10, 8}, // U+009E
    {253, 7, 10, 0, -10, 8}, // U+009F
    {0, 0, 0, 0, 0, 8}, // U+00A0
    {841, 2, 10, 3, -10, 8}, // U+00A1
    {851, 7, 9, 0, -8, 8}, // U+00A2
    {860, 7, 10, 0, -10, 8}, // U+00A3
    {870, 6, 7, 1, -7, 8}, // U+00A4
    {877, 8, 10, 0, -10, 8}, // U+00A5
    {887, 2, 12, 3, -10, 8}, // U+00A6
    {899, 6, 14, 1, -11, 8}, // U+00A7
    {913, 5, 2, 1, -10, 8}, // U+00A8
    {915, 7, 9, 0, -9, 8}, // U+00A9
    {924, 5, 7, 1, -11, 8}, // U+00AA
    {931, 8, 5, 0, -6, 8}, // U+00AB
    {936, 7, 4, 0, -6, 8}, // U+00AC
    {940, 4, 1, 2, -4, 8}, // U+00AD
    {941, 7, 9, 0, -9, 8}, // U+00AE
    {950, 5, 1, 1, -11, 8}, // U+00AF
    {951, 5, 4, 1, -11, 8}, // U+00B0
    {955, 6, 7, 1, -7, 8}, // U+00B1
    {962, 5, 6, 1, -11, 8}, // U+00B2
    {968, 5, 6, 2, -11, 8}, // U+00B3
    {974, 4, 3, 2, -11, 8}, // U+00B4
    {977, 7, 10, 0, -7, 8}, // U+00B5
    {987, 7, 10, 0, -10, 8}, // U+00B6
    {100, 2, 2, 3, -5, 8}, // U+00B7
    {96, 3, 3, 2, 0, 8}, // U+00B8
    {997, 4, 6, 2, -11, 8}, // U+00B9
    {1003, 5, 7, 1, -11, 8}, // U+00BA
    {1010, 8, 5, 0, -6, 8}, // U+00BB
    {1015, 7, 14, 0, -11, 8}, // U+00BC
    {1029, 7, 14, 0, -11, 8}, // U+00BD
    {1043, 7, 14, 0, -11, 8}, // U+00BE
    {1057, 7, 10, 0, -10, 8}, // U+00BF
    {1067, 7, 12, 0, -12, 8}, // U+00C0
    {1079, 7, 12, 0, -12, 8}, // U+00C1
    {1091, 7, 12, 0, -12, 8}, // U+00C2
    {1103, 7, 12, 0, -12, 8}, // U+00C3
    {1115, 7, 12, 0, -12, 8}, // U+00C4
    {1127, 7, 12, 0, -12, 8}, // U+00C5
    {1139, 7, 10, 0, -10, 8}, // U+00C6
    {1149, 7, 13, 0, -10, 8}, // U+00C7
    {1162, 7, 12, 0, -12, 8}, // U+00C8
    {1174, 7, 12, 0, -12, 8}, // U+00C9
    {1186, 7, 12, 0, -12, 8}, // U+00CA
    {1198, 7, 12, 0, -12, 8}, // U+00CB
    {1210, 6, 12, 1, -12, 8}, // U+00CC
    {1222, 6, 12, 1, -12, 8}, // U+00CD
    {1234, 6, 12, 1, -12, 8}, // U+00CE
    {1246, 6, 12, 1, -12, 8}, // U+00CF
    {1258, 7, 10, 0, -10, 8}, // U+00D0
    {1268, 7, 12, 0, -12, 8}, // U+00D1
    {1280, 7, 12, 0, -12, 8}, // U+00D2
    {1292, 7, 12, 0, -12, 8}, // U+00D3
    {1304, 7, 12, 0, -12, 8}, // U+00D4
    {1316, 7, 12, 0, -12, 8}, // U+00D5
    {1328, 7, 12, 0, -12, 8}, // U+00D6
    {1340, 7, 6, 0, -7, 8}, // U+00D7
    {1346, 7, 12, 0, -11, 8}, // U+00D8
    {1358, 7, 12, 0, -12, 8}, // U+00D9
    {1370, 7, 12, 0, -12, 8}, // U+00DA
    {1382, 7, 12, 0, -12, 8}, // U+00DB
    {1394, 7, 12, 0, -12, 8}, // U+00DC
    {1406, 7, 12, 0, -12, 8}, // U+00DD
    {1418, 7, 11, 0, -9, 8}, // U+00DE
    {1429, 7, 10, 0, -10, 8}, // U+00DF
    {1439, 7, 11, 0, -11, 8}, // U+00E0
    {1450, 7, 11, 0, -11, 8}, // U+00E1
    {1461, 7, 11, 0, -11, 8}, // U+00E2
    {1472, 7, 11, 0, -11, 8}, // U+00E3
    {1483, 7, 10, 0, -10, 8}, // U+00E4
    {1493, 7, 11, 0, -11, 8}, // U+00E5
    {1504, 7, 7, 0, -7, 8}, // U+00E6
    {1511, 7, 10, 0, -7, 8}, // U+00E7
    {1521, 7, 11, 0, -11, 8}, // U+00E8
    {1532, 7, 11, 0, -11, 8}, // U+00E9
    {1543, 7, 11, 0, -11, 8}, // U+00EA
    {1554, 7, 10, 0, -10, 8}, // U+00EB
    {1564, 4, 11, 2, -11, 8}, // U+00EC
    {1575, 4, 11, 2, -11, 8}, // U+00ED
    {1586, 6, 11, 1, -11, 8}, // U+00EE
    {1597, 6, 10, 1, -10, 8}, // U+00EF
    {1607, 7, 11, 0, -11, 8}, // U+00F0
    {1618, 7, 11, 0, -11, 8}, // U+00F1
    {1629, 7, 11, 0, -11, 8}, // U+00F2
    {1640, 7, 11, 0, -11, 8}, // U+00F3
    {1651, 7, 11, 0, -11, 8}, // U+00F4
    {1662, 7, 11, 0, -11, 8}, // U+00F5
    {1673, 7, 10, 0, -10, 8}, // U+00F6
    {1683, 6, 7, 1, -8, 8}, // U+00F7
    {1690, 7, 9, 0, -8, 8}, // U+00F8
    {1699, 7, 11, 0, -11, 8}, // U+00F9
    {1710, 7, 11, 0, -11, 8}, // U+00FA
    {1721, 7, 11, 0, -11, 8}, // U+00FB
    {1732, 7, 10, 0, -10, 8}, // U+00FC
    {1742, 7, 14, 0, -11, 8}, // U+00FD
    {1756, 7, 13, 0, -10, 8}, // U+00FE
    {1769, 7, 13, 0, -10, 8}, // U+00FF
};

// Large: spleen-16x32.bdf, scale 1x1, U+0020..U+00FF, 224 glyphs, 6848 bitmap bytes.
inline constexpr std::uint8_t kLargeBitmap[] = {
    0xc0, 0xc0, 0xc0, 0xc0, 0xc0, 0xc0, 0xc0, 0xc0, 0xc0, 0xc0, 0xc0, 0xc0, 0xc0, 0xc0, 0x00, 0x00,
    0x00, 0xc0, 0xc0, 0xc0, 0xc0, 0xc0, 0xc0, 0xc0, 0xc0, 0xc0, 0xc0, 0xc0, 0xc0, 0xc0, 0xc0, 0xc0,
    0xc0, 0xc0, 0xc0, 0xc0, 0x30, 0x30, 0x30, 0x30, 0x30, 0x30, 0x30, 0x30, 0xff, 0xfc, 0xff, 0xfc,
    0x30, 0x30, 0x30, 0x30, 0x30, 0x30, 0x30, 0x30, 0x30, 0x30, 0x30, 0x30, 0x30, 0x30, 0x30, 0x30,
    0xff, 0xfc, 0xff, 0xfc, 0x30, 0x30, 0x30, 0x30, 0x30, 0x30, 0x30, 0x30, 0x06, 0x00, 0x06, 0x00,
    0x3f, 0xf0, 0x7f, 0xf0, 0xe6, 0x00, 0xc6, 0x00, 0xc6, 0x00, 0xc6, 0x00, 0xc6, 0x00, 0xe6, 0x00,
    0x7f, 0xc0, 0x3f, 0xe0, 0x06, 0x70, 0x06, 0x30, 0x06, 0x30, 0x06, 0x30, 0x06, 0x30, 0x06, 0x30,
    0x06, 0x30, 0x06, 0x70, 0xff, 0xe0, 0xff, 0xc0, 0x06, 0x00, 0x06, 0x00, 0x00, 0x60, 0x70, 0x60,
    0xd8, 0xc0, 0xd8, 0xc0, 0xd9, 0x80, 0x71, 0x80, 0x03, 0x00, 0x03, 0x00, 0x06, 0x00, 0x06, 0x00,
    0x0c, 0x00, 0x0c, 0x00, 0x18, 0x00, 0x18, 0x00, 0x31, 0xc0, 0x33, 0x60, 0x63, 0x60, 0x63, 0x60,
    0xc1, 0xc0, 0xc0, 0x00, 0x0f, 0xc0, 0x1f, 0xe0, 0x38, 0x70, 0x30, 0x30, 0x30, 0x30, 0x30, 0x30,
    0x30, 0x30, 0x38, 0x70, 0x1f, 0xe0, 0x0f, 0xc0, 0x3f, 0x00, 0x7f, 0x80, 0xe1, 0xd8, 0xc0, 0xf8,
    0xc0, 0x70, 0xc0, 0x60, 0xc0, 0x70, 0xe0, 0xf8, 0x7f, 0xdc, 0x3f, 0x8c, 0xc0, 0xc0, 0xc0, 0xc0,
    0xc0, 0xc0, 0xc0, 0xc0, 0x01, 0xe0, 0x07, 0xe0, 0x0f, 0x00, 0x1c, 0x00, 0x38, 0x00, 0x30, 0x00,
    0x70, 0x00, 0x60, 0x00, 0xe0, 0x00, 0xc0, 0x00, 0xc0, 0x00, 0xc0, 0x00, 0xc0, 0x00, 0xc0, 0x00,
    0xc0, 0x00, 0xc0, 0x00, 0xc0, 0x00, 0xe0, 0x00, 0x60, 0x00, 0x70, 0x00, 0x30, 0x00, 0x38, 0x00,
    0x1c, 0x00, 0x0f, 0x00, 0x07, 0xe0, 0x01, 0xe0, 0xf0, 0x00, 0xfc, 0x00, 0x1e, 0x00, 0x07, 0x00,
    0x03, 0x80, 0x01, 0x80, 0x01, 0xc0, 0x00, 0xc0, 0x00, 0xe0, 0x00, 0x60, 0x00, 0x60, 0x00, 0x60,
    0x00, 0x60, 0x00, 0x60, 0x00, 0x60, 0x00, 0x60, 0x00, 0x60, 0x00, 0xe0, 0x00, 0xc0, 0x01, 0xc0,
    0x01, 0x80, 0x03, 0x80, 0x07, 0x00, 0x1e, 0x00, 0xfc, 0x00, 0xf0, 0x00, 0x30, 0x30, 0x38, 0x70,
    0x1c, 0xe0, 0x0f, 0xc0, 0x07, 0x80, 0x07, 0x80, 0xff, 0xfc, 0xff, 0xfc, 0x07, 0x80, 0x07, 0x80,
    0x0f, 0xc0, 0x1c, 0xe0, 0x38, 0x70, 0x30, 0x30, 0x0c, 0x00, 0x0c, 0x00, 0x0c, 0x00, 0x0c, 0x00,
    0xff, 0xc0, 0xff, 0xc0, 0x0c, 0x00, 0x0c, 0x00, 0x0c, 0x00, 0x0c, 0x00, 0x30, 0x30, 0x30, 0x70,
    0xe0, 0xc0, 0xff, 0xf0, 0xff, 0xf0, 0xc0, 0xc0, 0xc0, 0x00, 0x0c, 0x00, 0x0c, 0x00, 0x18, 0x00,
    0x18, 0x00, 0x30, 0x00, 0x30, 0x00, 0x60, 0x00, 0x60, 0x00, 0xc0, 0x00, 0xc0, 0x01, 0x80, 0x01,
    0x80, 0x03, 0x00, 0x03, 0x00, 0x06, 0x00, 0x06, 0x00, 0x0c, 0x00, 0x0c, 0x00, 0x18, 0x00, 0x18,
    0x00, 0x30, 0x00, 0x30, 0x00, 0x60, 0x00, 0x60, 0x00, 0xc0, 0x00, 0xc0, 0x00, 0x3f, 0xc0, 0x7f,
    0xe0, 0xe0, 0x70, 0xc0, 0x30, 0xc0, 0x30, 0xc0, 0x70, 0xc0, 0xf0, 0xc1, 0xf0, 0xc3, 0xb0, 0xc7,
    0x30, 0xce, 0x30, 0xdc, 0x30, 0xf8, 0x30, 0xf0, 0x30, 0xe0, 0x30, 0xc0, 0x30, 0xc0, 0x30, 0xe0,
    0x70, 0x7f, 0xe0, 0x3f, 0xc0, 0x1c, 0x00, 0x3c, 0x00, 0x6c, 0x00, 0xcc, 0x00, 0x8c, 0x00, 0x0c,
    0x00, 0x0c, 0x00, 0x0c, 0x00, 0x0c, 0x00, 0x0c, 0x00, 0x0c, 0x00, 0x0c, 0x00, 0x0c, 0x00, 0x0c,
    0x00, 0x0c, 0x00, 0x0c, 0x00, 0x0c, 0x00, 0x0c, 0x00, 0xff, 0xc0, 0xff, 0xc0, 0x3f, 0xc0, 0x7f,
    0xe0, 0xe0, 0x70, 0xc0, 0x30, 0x00, 0x30, 0x00, 0x30, 0x00, 0x30, 0x00, 0x60, 0x00, 0xc0, 0x01,
    0x80, 0x03, 0x00, 0x06, 0x00, 0x0c, 0x00, 0x18, 0x00, 0x30, 0x00, 0x60, 0x00, 0xc0, 0x30, 0xc0,
    0x30, 0xff, 0xf0, 0xff, 0xf0, 0x3f, 0xc0, 0x7f, 0xe0, 0xe0, 0x70, 0xc0, 0x30, 0x00, 0x30, 0x00,
    0x30, 0x00, 0x30, 0x00, 0x60, 0x1f, 0xc0, 0x1f, 0xc0, 0x00, 0x60, 0x00, 0x30, 0x00, 0x30, 0x00,
    0x30, 0x00, 0x30, 0x00, 0x30, 0xc0, 0x30, 0xe0, 0x70, 0x7f, 0xe0, 0x3f, 0xc0, 0xc0, 0x00, 0xc0,
    0x00, 0xc0, 0x00, 0xc0, 0x00, 0xc0, 0xc0, 0xc0, 0xc0, 0xc0, 0xc0, 0xc0, 0xc0, 0xc0, 0xc0, 0xc0,
    0xc0, 0xc0, 0xc0, 0xc0, 0xc0, 0xff, 0xf0, 0xff, 0xf0, 0x00, 0xc0, 0x00, 0xc0, 0x00, 0xc0, 0x00,
    0xc0, 0x00, 0xc0, 0x00, 0xc0, 0xff, 0xf0, 0xff, 0xf0, 0xc0, 0x30, 0xc0, 0x30, 0xc0, 0x00, 0xc0,
    0x00, 0xc0, 0x00, 0xc0, 0x00, 0xff, 0xc0, 0xff, 0xe0, 0x00, 0x70, 0x00, 0x30, 0x00, 0x30, 0x00,
    0x30, 0x00, 0x30, 0x00, 0x30, 0xc0, 0x30, 0xe0, 0x70, 0x7f, 0xe0, 0x3f, 0xc0, 0x3f, 0xc0, 0x7f,
    0xe0, 0xe0, 0x70, 0xc0, 0x30, 0xc0, 0x00, 0xc0, 0x00, 0xc0, 0x00, 0xc0, 0x00, 0xff, 0xc0, 0xff,
    0xe0, 0xc0, 0x70, 0xc0, 0x30, 0xc0, 0x30, 0xc0, 0x30, 0xc0, 0x30, 0xc0, 0x30, 0xc0, 0x30, 0xe0,
    0x70, 0x7f, 0xe0, 0x3f, 0xc0, 0xff, 0xf0, 0xff, 0xf0, 0xc0, 0x30, 0xc0, 0x30, 0x00, 0x30, 0x00,
    0x30, 0x00, 0x30, 0x00, 0x60, 0x00, 0xc0, 0x01, 0x80, 0x03, 0x00, 0x06, 0x00, 0x0c, 0x00, 0x0c,
    0x00, 0x0c, 0x00, 0x0c, 0x00, 0x0c, 0x00, 0x0c, 0x00, 0x0c, 0x00, 0x0c, 0x00, 0x3f, 0xc0, 0x7f,
    0xe0, 0xe0, 0x70, 0xc0, 0x30, 0xc0, 0x30, 0xc0, 0x30, 0xc0, 0x30, 0x60, 0x60, 0x3f, 0xc0, 0x3f,
    0xc0, 0x60, 0x60, 0xc0, 0x30, 0xc0, 0x30, 0xc0, 0x30, 0xc0, 0x30, 0xc0, 0x30, 0xc0, 0x30, 0xe0,
    0x70, 0x7f, 0xe0, 0x3f, 0xc0, 0x3f, 0xc0, 0x7f, 0xe0, 0xe0, 0x70, 0xc0, 0x30, 0xc0, 0x30, 0xc0,
    0x30, 0xc0, 0x30, 0xc0, 0x30, 0xc0, 0x30, 0xe0, 0x30, 0x7f, 0xf0, 0x3f, 0xf0, 0x00, 0x30, 0x00,
    0x30, 0x00, 0x30, 0x00, 0x30, 0xc0, 0x30, 0xe0, 0x70, 0x7f, 0xe0, 0x3f, 0xc0, 0xc0, 0xc0, 0xc0,
    0x00, 0x00, 0x00, 0x00, 0x00, 0x00, 0x00, 0xc0, 0xc0, 0xc0, 0x30, 0x30, 0x30, 0x00, 0x00, 0x00,
    0x00, 0x00, 0x00, 0x30, 0x30, 0x30, 0x70, 0xe0, 0xc0, 0x00, 0x70, 0x00, 0xe0, 0x01, 0xc0, 0x03,
    0x80, 0x07, 0x00, 0x0e, 0x00, 0x1c, 0x00, 0x38, 0x00, 0x70, 0x00, 0xe0, 0x00, 0xe0, 0x00, 0x70,
    0x00, 0x38, 0x00, 0x1c, 0x00, 0x0e, 0x00, 0x07, 0x00, 0x03, 0x80, 0x01, 0xc0, 0x00, 0xe0, 0x00,
    0x70, 0xff, 0xf0, 0xff, 0xf0, 0x00, 0x00, 0x00, 0x00, 0x00, 0x00, 0x00, 0x00, 0xff, 0xf0, 0xff,
    0xf0, 0xe0, 0x00, 0x70, 0x00, 0x38, 0x00, 0x1c, 0x00, 0x0e, 0x00, 0x07, 0x00, 0x03, 0x80, 0x01,
    0xc0, 0x00, 0xe0, 0x00, 0x70, 0x00, 0x70, 0x00, 0xe0, 0x01, 0xc0, 0x03, 0x80, 0x07, 0x00, 0x0e,
    0x00, 0x1c, 0x00, 0x38, 0x00, 0x70, 0x00, 0xe0, 0x00, 0x3f, 0xc0, 0x7f, 0xe0, 0xe0, 0x70, 0xc0,
    0x30, 0x00, 0x30, 0x00, 0x30, 0x00, 0x60, 0x00, 0xc0, 0x01, 0x80, 0x03, 0x00, 0x03, 0x00, 0x06,
    0x00, 0x06, 0x00, 0x06, 0x00, 0x00, 0x00, 0x00, 0x00, 0x00, 0x00, 0x06, 0x00, 0x06, 0x00, 0x06,
    0x00, 0x3f, 0xc0, 0x7f, 0xe0, 0xe0, 0x70, 0xc0, 0x30, 0xc0, 0x30, 0xc7, 0x30, 0xc7, 0x30, 0xc7,
    0x30, 0xc7, 0x30, 0xc7, 0x30, 0xc7, 0x30, 0xc7, 0xf0, 0xc7, 0xf0, 0xc0, 0x00, 0xc0, 0x00, 0xe0,
    0x00, 0x7f, 0xe0, 0x3f, 0xe0, 0x3f, 0xc0, 0x7f, 0xe0, 0xe0, 0x70, 0xc0, 0x30, 0xc0, 0x30, 0xc0,
    0x30, 0xc0, 0x30, 0xc0, 0x30, 0xc0, 0x30, 0xff, 0xf0, 0xff, 0xf0, 0xc0, 0x30, 0xc0, 0x30, 0xc0,
    0x30, 0xc0, 0x30, 0xc0, 0x30, 0xc0, 0x30, 0xc0, 0x30, 0xc0, 0x30, 0xc0, 0x30, 0xff, 0xc0, 0xff,
    0xe0, 0xc0, 0x70, 0xc0, 0x30, 0xc0, 0x30, 0xc0, 0x30, 0xc0, 0x30, 0xc0, 0x60, 0xff, 0xc0, 0xff,
    0xc0, 0xc0, 0x60, 0xc0, 0x30, 0xc0, 0x30, 0xc0, 0x30, 0xc0, 0x30, 0xc0, 0x30, 0xc0, 0x30, 0xc0,
    0x70, 0xff, 0xe0, 0xff, 0xc0, 0x3f, 0xf0, 0x7f, 0xf0, 0xe0, 0x00, 0xc0, 0x00, 0xc0, 0x00, 0xc0,
    0x00, 0xc0, 0x00, 0xc0, 0x00, 0xc0, 0x00, 0xc0, 0x00, 0xc0, 0x00, 0xc0, 0x00, 0xc0, 0x00, 0xc0,
    0x00, 0xc0, 0x00, 0xc0, 0x00, 0xc0, 0x00, 0xe0, 0x00, 0x7f, 0xf0, 0x3f, 0xf0, 0xff, 0xc0, 0xff,
    0xe0, 0xc0, 0x70, 0xc0, 0x30, 0xc0, 0x30, 0xc0, 0x30, 0xc0, 0x30, 0xc0, 0x30, 0xc0, 0x30, 0xc0,
    0x30, 0xc0, 0x30, 0xc0, 0x30, 0xc0, 0x30, 0xc0, 0x30, 0xc0, 0x30, 0xc0, 0x30, 0xc0, 0x30, 0xc0,
    0x70, 0xff, 0xe0, 0xff, 0xc0, 0x3f, 0xf0, 0x7f, 0xf0, 0xe0, 0x00, 0xc0, 0x00, 0xc0, 0x00, 0xc0,
    0x00, 0xc0, 0x00, 0xc0, 0x00, 0xc0, 0x00, 0xff, 0x80, 0xff, 0x80, 0xc0, 0x00, 0xc0, 0x00, 0xc0,
    0x00, 0xc0, 0x00, 0xc0, 0x00, 0xc0, 0x00, 0xe0, 0x00, 0x7f, 0xf0, 0x3f, 0xf0, 0x3f, 0xf0, 0x7f,
    0xf0, 0xe0, 0x00, 0xc0, 0x00, 0xc0, 0x00, 0xc0, 0x00, 0xc0, 0x00, 0xc0, 0x00, 0xc0, 0x00, 0xff,
    0x80, 0xff, 0x80, 0xc0, 0x00, 0xc0, 0x00, 0xc0, 0x00, 0xc0, 0x00, 0xc0, 0x00, 0xc0, 0x00, 0xc0,
    0x00, 0xc0, 0x00, 0xc0, 0x00, 0x3f, 0xf0, 0x7f, 0xf0, 0xe0, 0x00, 0xc0, 0x00, 0xc0, 0x00, 0xc0,
    0x00, 0xc0, 0x00, 0xc0, 0x00, 0xc0, 0x00, 0xc3, 0xf0, 0xc3, 0xf0, 0xc0, 0x30, 0xc0, 0x30, 0xc0,
    0x30, 0xc0, 0x30, 0xc0, 0x30, 0xc0, 0x30, 0xe0, 0x30, 0x7f, 0xf0, 0x3f, 0xf0, 0xc0, 0x30, 0xc0,
    0x30, 0xc0, 0x30, 0xc0, 0x30, 0xc0, 0x30, 0xc0, 0x30, 0xc0, 0x30, 0xc0, 0x30, 0xc0, 0x30, 0xff,
    0xf0, 0xff, 0xf0, 0xc0, 0x30, 0xc0, 0x30, 0xc0, 0x30, 0xc0, 0x30, 0xc0, 0x30, 0xc0, 0x30, 0xc0,
    0x30, 0xc0, 0x30, 0xc0, 0x30, 0xff, 0xc0, 0xff, 0xc0, 0x0c, 0x00, 0x0c, 0x00, 0x0c, 0x00, 0x0c,
    0x00, 0x0c, 0x00, 0x0c, 0x00, 0x0c, 0x00, 0x0c, 0x00, 0x0c, 0x00, 0x0c, 0x00, 0x0c, 0x00, 0x0c,
    0x00, 0x0c, 0x00, 0x0c, 0x00, 0x0c, 0x00, 0x0c, 0x00, 0xff, 0xc0, 0xff, 0xc0, 0x3f, 0xf0, 0x3f,
    0xf0, 0x03, 0x00, 0x03, 0x00, 0x03, 0x00, 0x03, 0x00, 0x03, 0x00, 0x03, 0x00, 0x03, 0x00, 0x03,
    0x00, 0x03, 0x00, 0x03, 0x00, 0x03, 0x00, 0x03, 0x00, 0x03, 0x00, 0x03, 0x00, 0x03, 0x00, 0x07,
    0x00, 0xfe, 0x00, 0xfc, 0x00, 0xc0, 0x30, 0xc0, 0x30, 0xc0, 0x30, 0xc0, 0x30, 0xc0, 0x30, 0xc0,
    0x30, 0xc0, 0x60, 0xc0, 0xc0, 0xc1, 0x80, 0xff, 0x00, 0xff, 0x00, 0xc1, 0x80, 0xc0, 0xc0, 0xc0,
    0x60, 0xc0, 0x30, 0xc0, 0x30, 0xc0, 0x30, 0xc0, 0x30, 0xc0, 0x30, 0xc0, 0x30, 0xc0, 0x00, 0xc0,
    0x00, 0xc0, 0x00, 0xc0, 0x00, 0xc0, 0x00, 0xc0, 0x00, 0xc0, 0x00, 0xc0, 0x00, 0xc0, 0x00, 0xc0,
    0x00, 0xc0, 0x00, 0xc0, 0x00, 0xc0, 0x00, 0xc0, 0x00, 0xc0, 0x00, 0xc0, 0x00, 0xc0, 0x00, 0xe0,
    0x00, 0x7f, 0xf0, 0x3f, 0xf0, 0xc0, 0x30, 0xe0, 0x70, 0xf0, 0xf0, 0xf9, 0xf0, 0xdf, 0xb0, 0xcf,
    0x30, 0xc6, 0x30, 0xc0, 0x30, 0xc0, 0x30, 0xc0, 0x30, 0xc0, 0x30, 0xc0, 0x30, 0xc0, 0x30, 0xc0,
    0x30, 0xc0, 0x30, 0xc0, 0x30, 0xc0, 0x30, 0xc0, 0x30, 0xc0, 0x30, 0xc0, 0x30, 0xc0, 0x30, 0xc0,
    0x30, 0xe0, 0x30, 0xe0, 0x30, 0xf0, 0x30, 0xf0, 0x30, 0xd8, 0x30, 0xd8, 0x30, 0xcc, 0x30, 0xcc,
    0x30, 0xc6, 0x30, 0xc6, 0x30, 0xc3, 0x30, 0xc3, 0x30, 0xc1, 0xb0, 0xc1, 0xb0, 0xc0, 0xf0, 0xc0,
    0xf0, 0xc0, 0x70, 0xc0, 0x70, 0x3f, 0xc0, 0x7f, 0xe0, 0xe0, 0x70, 0xc0, 0x30, 0xc0, 0x30, 0xc0,
    0x30, 0xc0, 0x30, 0xc0, 0x30, 0xc0, 0x30, 0xc0, 0x30, 0xc0, 0x30, 0xc0, 0x30, 0xc0, 0x30, 0xc0,
    0x30, 0xc0, 0x30, 0xc0, 0x30, 0xc0, 0x30, 0xe0, 0x70, 0x7f, 0xe0, 0x3f, 0xc0, 0xff, 0xc0, 0xff,
    0xe0, 0xc0, 0x70, 0xc0, 0x30, 0xc0, 0x30, 0xc0, 0x30, 0xc0, 0x30, 0xc0, 0x30, 0xc0, 0x70, 0xff,
    0xe0, 0xff, 0xc0, 0xc0, 0x00, 0xc0, 0x00, 0xc0, 0x00, 0xc0, 0x00, 0xc0, 0x00, 0xc0, 0x00, 0xc0,
    0x00, 0xc0, 0x00, 0xc0, 0x00, 0x3f, 0xc0, 0x7f, 0xe0, 0xe0, 0x70, 0xc0, 0x30, 0xc0, 0x30, 0xc0,
    0x30, 0xc0, 0x30, 0xc0, 0x30, 0xc0, 0x30, 0xc0, 0x30, 0xc0, 0x30, 0xc0, 0x30, 0xc0, 0x30, 0xc0,
    0x30, 0xc6, 0x30, 0xc6, 0x30, 0xc3, 0x30, 0xe3, 0x70, 0x7f, 0xe0, 0x3f, 0xc0, 0x00, 0xc0, 0x00,
    0xc0, 0x00, 0x60, 0x00, 0x60, 0xff, 0xc0, 0xff, 0xe0, 0xc0, 0x70, 0xc0, 0x30, 0xc0, 0x30, 0xc0,
    0x30, 0xc0, 0x30, 0xc0, 0x30, 0xc0, 0x60, 0xff, 0xc0, 0xff, 0xc0, 0xc0, 0x60, 0xc0, 0x30, 0xc0,
    0x30, 0xc0, 0x30, 0xc0, 0x30, 0xc0, 0x30, 0xc0, 0x30, 0xc0, 0x30, 0xc0, 0x30, 0x3f, 0xf0, 0x7f,
    0xf0, 0xe0, 0x00, 0xc0, 0x00, 0xc0, 0x00, 0xc0, 0x00, 0xc0, 0x00, 0xc0, 0x00, 0xe0, 0x00, 0x7f,
    0xc0, 0x3f, 0xe0, 0x00, 0x70, 0x00, 0x30, 0x00, 0x30, 0x00, 0x30, 0x00, 0x30, 0x00, 0x30, 0x00,
    0x70, 0xff, 0xe0, 0xff, 0xc0, 0xff, 0xfc, 0xff, 0xfc, 0x03, 0x00, 0x03, 0x00, 0x03, 0x00, 0x03,
    0x00, 0x03, 0x00, 0x03, 0x00, 0x03, 0x00, 0x03, 0x00, 0x03, 0x00, 0x03, 0x00, 0x03, 0x00, 0x03,
    0x00, 0x03, 0x00, 0x03, 0x00, 0x03, 0x00, 0x03, 0x00, 0x03, 0x00, 0x03, 0x00, 0xc0, 0x30, 0xc0,
    0x30, 0xc0, 0x30, 0xc0, 0x30, 0xc0, 0x30, 0xc0, 0x30, 0xc0, 0x30, 0xc0, 0x30, 0xc0, 0x30, 0xc0,
    0x30, 0xc0, 0x30, 0xc0, 0x30, 0xc0, 0x30, 0xc0, 0x30, 0xc0, 0x30, 0xc0, 0x30, 0xc0, 0x30, 0xe0,
    0x30, 0x7f, 0xf0, 0x3f, 0xf0, 0xc0, 0x30, 0xc0, 0x30, 0xc0, 0x30, 0xc0, 0x30, 0xc0, 0x30, 0xc0,
    0x30, 0xc0, 0x30, 0xc0, 0x30, 0xc0, 0x30, 0xc0, 0x30, 0xc0, 0x30, 0xc0, 0x30, 0xc0, 0x30, 0xc0,
    0x30, 0xe0, 0x70, 0x70, 0xe0, 0x39, 0xc0, 0x1f, 0x80, 0x0f, 0x00, 0x06, 0x00, 0xc0, 0x30, 0xc0,
    0x30, 0xc0, 0x30, 0xc0, 0x30, 0xc0, 0x30, 0xc0, 0x30, 0xc0, 0x30, 0xc0, 0x30, 0xc0, 0x30, 0xc0,
    0x30, 0xc0, 0x30, 0xc0, 0x30, 0xc0, 0x30, 0xc6, 0x30, 0xcf, 0x30, 0xdf, 0xb0, 0xf9, 0xf0, 0xf0,
    0xf0, 0xe0, 0x70, 0xc0, 0x30, 0xc0, 0x30, 0xc0, 0x30, 0xc0, 0x30, 0xc0, 0x30, 0xc0, 0x30, 0xc0,
    0x30, 0xe0, 0x70, 0x70, 0xe0, 0x39, 0xc0, 0x1f, 0x80, 0x1f, 0x80, 0x39, 0xc0, 0x70, 0xe0, 0xe0,
    0x70, 0xc0, 0x30, 0xc0, 0x30, 0xc0, 0x30, 0xc0, 0x30, 0xc0, 0x30, 0xc0, 0x30, 0xc0, 0x30, 0xc0,
    0x30, 0xc0, 0x30, 0xc0, 0x30, 0xc0, 0x30, 0xc0, 0x30, 0xc0, 0x30, 0xc0, 0x30, 0xe0, 0x30, 0x7f,
    0xf0, 0x3f, 0xf0, 0x00, 0x30, 0x00, 0x30, 0x00, 0x30, 0x00, 0x30, 0x00, 0x30, 0x00, 0x30, 0x00,
    0x70, 0xff, 0xe0, 0xff, 0xc0, 0xff, 0xf0, 0xff, 0xf0, 0x00, 0x30, 0x00, 0x30, 0x00, 0x30, 0x00,
    0x30, 0x00, 0x60, 0x00, 0xc0, 0x01, 0x80, 0x03, 0x00, 0x06, 0x00, 0x0c, 0x00, 0x18, 0x00, 0x30,
    0x00, 0x60, 0x00, 0xc0, 0x00, 0xc0, 0x00, 0xc0, 0x00, 0xff, 0xf0, 0xff, 0xf0, 0xff, 0xc0, 0xff,
    0xc0, 0xc0, 0x00, 0xc0, 0x00, 0xc0, 0x00, 0xc0, 0x00, 0xc0, 0x00, 0xc0, 0x00, 0xc0, 0x00, 0xc0,
    0x00, 0xc0, 0x00, 0xc0, 0x00, 0xc0, 0x00, 0xc0, 0x00, 0xc0, 0x00, 0xc0, 0x00, 0xc0, 0x00, 0xc0,
    0x00, 0xc0, 0x00, 0xc0, 0x00, 0xc0, 0x00, 0xc0, 0x00, 0xc0, 0x00, 0xc0, 0x00, 0xc0, 0x00, 0xc0,
    0x00, 0xff, 0xc0, 0xff, 0xc0, 0xc0, 0x00, 0xc0, 0x00, 0x60, 0x00, 0x60, 0x00, 0x30, 0x00, 0x30,
    0x00, 0x18, 0x00, 0x18, 0x00, 0x0c, 0x00, 0x0c, 0x00, 0x06, 0x00, 0x06, 0x00, 0x03, 0x00, 0x03,
    0x00, 0x01, 0x80, 0x01, 0x80, 0x00, 0xc0, 0x00, 0xc0, 0x00, 0x60, 0x00, 0x60, 0x00, 0x30, 0x00,
    0x30, 0x00, 0x18, 0x00, 0x18, 0x00, 0x0c, 0x00, 0x0c, 0xff, 0xc0, 0xff, 0xc0, 0x00, 0xc0, 0x00,
    0xc0, 0x00, 0xc0, 0x00, 0xc0, 0x00, 0xc0, 0x00, 0xc0, 0x00, 0xc0, 0x00, 0xc0, 0x00, 0xc0, 0x00,
    0xc0, 0x00, 0xc0, 0x00, 0xc0, 0x00, 0xc0, 0x00, 0xc0, 0x00, 0xc0, 0x00, 0xc0, 0x00, 0xc0, 0x00,
    0xc0, 0x00, 0xc0, 0x00, 0xc0, 0x00, 0xc0, 0x00, 0xc0, 0x00, 0xc0, 0x00, 0xc0, 0xff, 0xc0, 0xff,
    0xc0, 0x03, 0x00, 0x07, 0x80, 0x0f, 0xc0, 0x1c, 0xe0, 0x38, 0x70, 0x70, 0x38, 0xe0, 0x1c, 0xc0,
    0x0c, 0xff, 0xfc, 0xff, 0xfc, 0xc0, 0xe0, 0x70, 0x38, 0x1c, 0x0c, 0x7f, 0xc0, 0x7f, 0xe0, 0x00,
    0x70, 0x00, 0x30, 0x00, 0x30, 0x3f, 0xf0, 0x7f, 0xf0, 0xe0, 0x30, 0xc0, 0x30, 0xc0, 0x30, 0xc0,
    0x30, 0xe0, 0x30, 0x7f, 0xf0, 0x3f, 0xf0, 0xc0, 0x00, 0xc0, 0x00, 0xc0, 0x00, 0xc0, 0x00, 0xc0,
    0x00, 0xc0, 0x00, 0xff, 0xc0, 0xff, 0xe0, 0xc0, 0x70, 0xc0, 0x30, 0xc0, 0x30, 0xc0, 0x30, 0xc0,
    0x30, 0xc0, 0x30, 0xc0, 0x30, 0xc0, 0x30, 0xc0, 0x30, 0xc0, 0x70, 0xff, 0xe0, 0xff, 0xc0, 0x3f,
    0xf0, 0x7f, 0xf0, 0xe0, 0x00, 0xc0, 0x00, 0xc0, 0x00, 0xc0, 0x00, 0xc0, 0x00, 0xc0, 0x00, 0xc0,
    0x00, 0xc0, 0x00, 0xc0, 0x00, 0xe0, 0x00, 0x7f, 0xf0, 0x3f, 0xf0, 0x00, 0x30, 0x00, 0x30, 0x00,
    0x30, 0x00, 0x30, 0x00, 0x30, 0x00, 0x30, 0x3f, 0xf0, 0x7f, 0xf0, 0xe0, 0x30, 0xc0, 0x30, 0xc0,
    0x30, 0xc0, 0x30, 0xc0, 0x30, 0xc0, 0x30, 0xc0, 0x30, 0xc0, 0x30, 0xc0, 0x30, 0xe0, 0x30, 0x7f,
    0xf0, 0x3f, 0xf0, 0x3f, 0xf0, 0x7f, 0xf0, 0xe0, 0x30, 0xc0, 0x30, 0xc0, 0x30, 0xc0, 0x30, 0xff,
    0xf0, 0xff, 0xf0, 0xc0, 0x00, 0xc0, 0x00, 0xc0, 0x00, 0xe0, 0x00, 0x7f, 0xf0, 0x3f, 0xf0, 0x0f,
    0xc0, 0x1f, 0xc0, 0x38, 0x00, 0x30, 0x00, 0x30, 0x00, 0x30, 0x00, 0x30, 0x00, 0x30, 0x00, 0xff,
    0x00, 0xff, 0x00, 0x30, 0x00, 0x30, 0x00, 0x30, 0x00, 0x30, 0x00, 0x30, 0x00, 0x30, 0x00, 0x30,
    0x00, 0x30, 0x00, 0x30, 0x00, 0x30, 0x00, 0x3f, 0xf0, 0x7f, 0xf0, 0xe0, 0x30, 0xc0, 0x30, 0xc0,
    0x30, 0xc0, 0x30, 0xc0, 0x30, 0xc0, 0x30, 0xc0, 0x30, 0xc0, 0x30, 0xc0, 0x30, 0xe0, 0x70, 0x7f,
    0xe0, 0x3f, 0xc0, 0x00, 0x60, 0x00, 0x30, 0x00, 0x30, 0x00, 0x70, 0xff, 0xe0, 0xff, 0xc0, 0xc0,
    0x00, 0xc0, 0x00, 0xc0, 0x00, 0xc0, 0x00, 0xc0, 0x00, 0xc0, 0x00, 0xff, 0xc0, 0xff, 0xe0, 0xc0,
    0x70, 0xc0, 0x30, 0xc0, 0x30, 0xc0, 0x30, 0xc0, 0x30, 0xc0, 0x30, 0xc0, 0x30, 0xc0, 0x30, 0xc0,
    0x30, 0xc0, 0x30, 0xc0, 0x30, 0xc0, 0x30, 0x30, 0x30, 0x30, 0x00, 0x00, 0x00, 0xf0, 0xf0, 0x30,
    0x30, 0x30, 0x30, 0x30, 0x30, 0x30, 0x30, 0x30, 0x30, 0x3c, 0x3c, 0x0c, 0x0c, 0x0c, 0x00, 0x00,
    0x00, 0x0c, 0x0c, 0x0c, 0x0c, 0x0c, 0x0c, 0x0c, 0x0c, 0x0c, 0x0c, 0x0c, 0x0c, 0x0c, 0x0c, 0x0c,
    0x0c, 0x0c, 0x1c, 0xf8, 0xf0, 0xc0, 0x00, 0xc0, 0x00, 0xc0, 0x00, 0xc0, 0x00, 0xc0, 0x00, 0xc0,
    0x00, 0xc1, 0x80, 0xc3, 0x80, 0xc7, 0x00, 0xce, 0x00, 0xdc, 0x00, 0xf8, 0x00, 0xf8, 0x00, 0xdc,
    0x00, 0xce, 0x00, 0xc7, 0x00, 0xc3, 0x80, 0xc1, 0xc0, 0xc0, 0xe0, 0xc0, 0x60, 0xc0, 0xc0, 0xc0,
    0xc0, 0xc0, 0xc0, 0xc0, 0xc0, 0xc0, 0xc0, 0xc0, 0xc0, 0xc0, 0xc0, 0xc0, 0xc0, 0xc0, 0xe0, 0x7f,
    0x3f, 0xf9, 0xc0, 0xf9, 0xe0, 0xc6, 0x70, 0xc6, 0x30, 0xc6, 0x30, 0xc6, 0x30, 0xc6, 0x30, 0xc6,
    0x30, 0xc6, 0x30, 0xc6, 0x30, 0xc0, 0x30, 0xc0, 0x30, 0xc0, 0x30, 0xc0, 0x30, 0xff, 0xc0, 0xff,
    0xe0, 0xc0, 0x70, 0xc0, 0x30, 0xc0, 0x30, 0xc0, 0x30, 0xc0, 0x30, 0xc0, 0x30, 0xc0, 0x30, 0xc0,
    0x30, 0xc0, 0x30, 0xc0, 0x30, 0xc0, 0x30, 0xc0, 0x30, 0x3f, 0xc0, 0x7f, 0xe0, 0xe0, 0x70, 0xc0,
    0x30, 0xc0, 0x30, 0xc0, 0x30, 0xc0, 0x30, 0xc0, 0x30, 0xc0, 0x30, 0xc0, 0x30, 0xc0, 0x30, 0xe0,
    0x70, 0x7f, 0xe0, 0x3f, 0xc0, 0xff, 0xc0, 0xff, 0xe0, 0xc0, 0x70, 0xc0, 0x30, 0xc0, 0x30, 0xc0,
    0x30, 0xc0, 0x30, 0xc0, 0x30, 0xc0, 0x30, 0xc0, 0x30, 0xc0, 0x30, 0xc0, 0x70, 0xff, 0xe0, 0xff,
    0xc0, 0xc0, 0x00, 0xc0, 0x00, 0xc0, 0x00, 0xc0, 0x00, 0xc0, 0x00, 0xc0, 0x00, 0x3f, 0xf0, 0x7f,
    0xf0, 0xe0, 0x30, 0xc0, 0x30, 0xc0, 0x30, 0xc0, 0x30, 0xc0, 0x30, 0xc0, 0x30, 0xc0, 0x30, 0xc0,
    0x30, 0xc0, 0x30, 0xe0, 0x30, 0x7f, 0xf0, 0x3f, 0xf0, 0x00, 0x30, 0x00, 0x30, 0x00, 0x30, 0x00,
    0x30, 0x00, 0x30, 0x00, 0x30, 0x3f, 0xf0, 0x7f, 0xf0, 0xe0, 0x30, 0xc0, 0x30, 0xc0, 0x00, 0xc0,
    0x00, 0xc0, 0x00, 0xc0, 0x00, 0xc0, 0x00, 0xc0, 0x00, 0xc0, 0x00, 0xc0, 0x00, 0xc0, 0x00, 0xc0,
    0x00, 0x3f, 0xf0, 0x7f, 0xf0, 0xe0, 0x00, 0xc0, 0x00, 0xc0, 0x00, 0xe0, 0x00, 0x7f, 0xc0, 0x3f,
    0xe0, 0x00, 0x70, 0x00, 0x30, 0x00, 0x30, 0x00, 0x70, 0xff, 0xe0, 0xff, 0xc0, 0x30, 0x00, 0x30,
    0x00, 0x30, 0x00, 0x30, 0x00, 0x30, 0x00, 0x30, 0x00, 0xff, 0x00, 0xff, 0x00, 0x30, 0x00, 0x30,
    0x00, 0x30, 0x00, 0x30, 0x00, 0x30, 0x00, 0x30, 0x00, 0x30, 0x00, 0x30, 0x00, 0x30, 0x00, 0x38,
    0x00, 0x1f, 0xc0, 0x0f, 0xc0, 0xc0, 0x30, 0xc0, 0x30, 0xc0, 0x30, 0xc0, 0x30, 0xc0, 0x30, 0xc0,
    0x30, 0xc0, 0x30, 0xc0, 0x30, 0xc0, 0x30, 0xc0, 0x30, 0xc0, 0x30, 0xe0, 0x30, 0x7f, 0xf0, 0x3f,
    0xf0, 0xc0, 0x30, 0xc0, 0x30, 0xc0, 0x30, 0xc0, 0x30, 0xc0, 0x30, 0xc0, 0x30, 0xc0, 0x30, 0xc0,
    0x30, 0xe0, 0x70, 0x70, 0xe0, 0x39, 0xc0, 0x1f, 0x80, 0x0f, 0x00, 0x06, 0x00, 0xc0, 0x30, 0xc0,
    0x30, 0xc0, 0x30, 0xc0, 0x30, 0xc6, 0x30, 0xc6, 0x30, 0xc6, 0x30, 0xc6, 0x30, 0xc6, 0x30, 0xc6,
    0x30, 0xc6, 0x30, 0xe6, 0x30, 0x79, 0xf0, 0x39, 0xf0, 0xc0, 0x30, 0xe0, 0x70, 0x70, 0xe0, 0x39,
    0xc0, 0x1f, 0x80, 0x0f, 0x00, 0x0f, 0x00, 0x1f, 0x80, 0x39, 0xc0, 0x70, 0xe0, 0x60, 0x60, 0xe0,
    0x70, 0xc0, 0x30, 0xc0, 0x30, 0xc0, 0x30, 0xc0, 0x30, 0xc0, 0x30, 0xc0, 0x30, 0xc0, 0x30, 0xc0,
    0x30, 0xc0, 0x30, 0xc0, 0x30, 0xc0, 0x30, 0xc0, 0x30, 0xc0, 0x30, 0xe0, 0x30, 0x7f, 0xf0, 0x3f,
    0xf0, 0x00, 0x30, 0x00, 0x30, 0x00, 0x30, 0x00, 0x70, 0xff, 0xe0, 0xff, 0xc0, 0xff, 0xf0, 0xff,
    0xf0, 0x00, 0x30, 0x00, 0x60, 0x00, 0xc0, 0x01, 0x80, 0x03, 0x00, 0x06, 0x00, 0x0c, 0x00, 0x18,
    0x00, 0x30, 0x00, 0x60, 0x00, 0xff, 0xf0, 0xff, 0xf0, 0x03, 0xf0, 0x07, 0xf0, 0x0e, 0x00, 0x0c,
    0x00, 0x0c, 0x00, 0x0c, 0x00, 0x0c, 0x00, 0x0c, 0x00, 0x0c, 0x00, 0x0c, 0x00, 0x0c, 0x00, 0x1c,
    0x00, 0xf8, 0x00, 0xf0, 0x00, 0xf0, 0x00, 0xf8, 0x00, 0x1c, 0x00, 0x0c, 0x00, 0x0c, 0x00, 0x0c,
    0x00, 0x0c, 0x00, 0x0c, 0x00, 0x0c, 0x00, 0x0c, 0x00, 0x0c, 0x00, 0x0e, 0x00, 0x07, 0xf0, 0x03,
    0xf0, 0xc0, 0xc0, 0xc0, 0xc0, 0xc0, 0xc0, 0xc0, 0xc0, 0xc0, 0xc0, 0xc0, 0xc0, 0xc0, 0xc0, 0xc0,
    0xc0, 0xc0, 0xc0, 0xc0, 0xc0, 0xc0, 0xc0, 0xc0, 0xc0, 0xfc, 0x00, 0xfe, 0x00, 0x07, 0x00, 0x03,
    0x00, 0x03, 0x00, 0x03, 0x00, 0x03, 0x00, 0x03, 0x00, 0x03, 0x00, 0x03, 0x00, 0x03, 0x00, 0x03,
    0x80, 0x01, 0xf0, 0x00, 0xf0, 0x00, 0xf0, 0x01, 0xf0, 0x03, 0x80, 0x03, 0x00, 0x03, 0x00, 0x03,
    0x00, 0x03, 0x00, 0x03, 0x00, 0x03, 0x00, 0x03, 0x00, 0x03, 0x00, 0x07, 0x00, 0xfe, 0x00, 0xfc,
    0x00, 0x38, 0x30, 0x7c, 0x30, 0xee, 0x70, 0xc7, 0xe0, 0xc3, 0xc0, 0xc0, 0xc0, 0x00, 0x00, 0x00,
    0x00, 0xc0, 0xc0, 0xc0, 0xc0, 0xc0, 0xc0, 0xc0, 0xc0, 0xc0, 0xc0, 0xc0, 0xc0, 0xc0, 0xc0, 0x03,
    0x00, 0x03, 0x00, 0x3f, 0xf0, 0x7f, 0xf0, 0xe3, 0x00, 0xc3, 0x00, 0xc3, 0x00, 0xc3, 0x00, 0xc3,
    0x00, 0xc3, 0x00, 0xc3, 0x00, 0xc3, 0x00, 0xc3, 0x00, 0xe3, 0x00, 0x7f, 0xf0, 0x3f, 0xf0, 0x03,
    0x00, 0x03, 0x00, 0x0f, 0x80, 0x1f, 0xc0, 0x38, 0xe0, 0x30, 0x60, 0x30, 0x00, 0x30, 0x00, 0x30,
    0x00, 0x30, 0x00, 0x30, 0x00, 0xff, 0xc0, 0xff, 0xc0, 0x30, 0x00, 0x30, 0x00, 0x30, 0x00, 0x30,
    0x00, 0x30, 0x00, 0x60, 0x00, 0x60, 0x00, 0xff, 0xf0, 0xff, 0xf0, 0xe1, 0xc0, 0x73, 0x80, 0x3f,
    0x00, 0x7f, 0x80, 0xe1, 0xc0, 0xc0, 0xc0, 0xc0, 0xc0, 0xc0, 0xc0, 0xc0, 0xc0, 0xe1, 0xc0, 0x7f,
    0x80, 0x3f, 0x00, 0x73, 0x80, 0xe1, 0xc0, 0xc0, 0x30, 0xc0, 0x30, 0x60, 0x60, 0x60, 0x60, 0x30,
    0xc0, 0x30, 0xc0, 0x19, 0x80, 0x19, 0x80, 0x0f, 0x00, 0x0f, 0x00, 0x06, 0x00, 0x06, 0x00, 0x7f,
    0xe0, 0x7f, 0xe0, 0x06, 0x00, 0x06, 0x00, 0x7f, 0xe0, 0x7f, 0xe0, 0x06, 0x00, 0x06, 0x00, 0xc0,
    0xc0, 0xc0, 0xc0, 0xc0, 0xc0, 0xc0, 0xc0, 0xc0, 0xc0, 0x00, 0x00, 0x00, 0x00, 0xc0, 0xc0, 0xc0,
    0xc0, 0xc0, 0xc0, 0xc0, 0xc0, 0xc0, 0xc0, 0x3f, 0x00, 0x7f, 0x80, 0xe3, 0x80, 0xc0, 0x00, 0xc0,
    0x00, 0xe0, 0x00, 0x70, 0x00, 0x3f, 0x00, 0x7f, 0x80, 0xe1, 0xc0, 0xc0, 0xc0, 0xc0, 0xc0, 0xc0,
    0xc0, 0xc0, 0xc0, 0xe1, 0xc0, 0x7f, 0x80, 0x3f, 0x00, 0x03, 0x80, 0x01, 0xc0, 0x00, 0xc0, 0x00,
    0xc0, 0x71, 0xc0, 0x7f, 0x80, 0x3f, 0x00, 0xc3, 0xc3, 0xc3, 0x3f, 0xc0, 0x7f, 0xe0, 0xe0, 0x70,
    0xc0, 0x30, 0xcf, 0xb0, 0xdf, 0xb0, 0xd8, 0x30, 0xd8, 0x30, 0xd8, 0x30, 0xd8, 0x30, 0xdf, 0xb0,
    0xcf, 0xb0, 0xc0, 0x30, 0xe0, 0x70, 0x7f, 0xe0, 0x3f, 0xc0, 0x7c, 0x7e, 0x07, 0x03, 0x7f, 0xff,
    0xc3, 0xc3, 0xff, 0x7f, 0x00, 0x00, 0xff, 0xff, 0x0e, 0x70, 0x1c, 0xe0, 0x39, 0xc0, 0x73, 0x80,
    0xe7, 0x00, 0xe7, 0x00, 0x73, 0x80, 0x39, 0xc0, 0x1c, 0xe0, 0x0e, 0x70, 0xff, 0xf0, 0xff, 0xf0,
    0x00, 0x30, 0x00, 0x30, 0x00, 0x30, 0x00, 0x30, 0x00, 0x30, 0x00, 0x30, 0xff, 0xc0, 0xff, 0xc0,
    0x3f, 0xc0, 0x7f, 0xe0, 0xe0, 0x70, 0xc0, 0x30, 0xdf, 0x30, 0xdf, 0xb0, 0xd9, 0xb0, 0xdf, 0xb0,
    0xdf, 0x30, 0xd9, 0xb0, 0xd9, 0xb0, 0xd9, 0xb0, 0xc0, 0x30, 0xe0, 0x70, 0x7f, 0xe0, 0x3f, 0xc0,
    0xff, 0xff, 0x3c, 0x7e, 0xe7, 0xc3, 0xc3, 0xc3, 0xe7, 0x7e, 0x3c, 0x0c, 0x00, 0x0c, 0x00, 0x0c,
    0x00, 0x0c, 0x00, 0xff, 0xc0, 0xff, 0xc0, 0x0c, 0x00, 0x0c, 0x00, 0x0c, 0x00, 0x0c, 0x00, 0x00,
    0x00, 0x00, 0x00, 0xff, 0xc0, 0xff, 0xc0, 0x3c, 0x7e, 0xc3, 0x03, 0x03, 0x06, 0x0c, 0x18, 0x30,
    0x63, 0xff, 0xff, 0x3c, 0x7e, 0xc3, 0x03, 0x03, 0x1e, 0x1e, 0x03, 0x03, 0xc3, 0x7e, 0x3c, 0x0c,
    0x1c, 0x38, 0x70, 0xe0, 0xc0, 0xc0, 0xc0, 0xc0, 0xc0, 0xc0, 0xc0, 0xc0, 0xc0, 0xc0, 0xc0, 0xc0,
    0xc0, 0xc0, 0xc0, 0xc0, 0xc0, 0xc0, 0xc0, 0xc0, 0xc0, 0xc0, 0xc0, 0xe1, 0xe0, 0xff, 0xf8, 0xdf,
    0x38, 0xc0, 0x00, 0xc0, 0x00, 0xc0, 0x00, 0xc0, 0x00, 0xc0, 0x00, 0xc0, 0x00, 0x3f, 0xf0, 0x7f,
    0xf0, 0xe6, 0x30, 0xc6, 0x30, 0xc6, 0x30, 0xc6, 0x30, 0xc6, 0x30, 0xe6, 0x30, 0x7e, 0x30, 0x3e,
    0x30, 0x06, 0x30, 0x06, 0x30, 0x06, 0x30, 0x06, 0x30, 0x06, 0x30, 0x06, 0x30, 0x06, 0x30, 0x06,
    0x30, 0x06, 0x30, 0x06, 0x30, 0x30, 0x70, 0xf0, 0xb0, 0x30, 0x30, 0x30, 0x30, 0x30, 0x30, 0xfc,
    0xfc, 0x3c, 0x7e, 0xe7, 0xc3, 0xc3, 0xc3, 0xe7, 0x7e, 0x3c, 0x00, 0x00, 0xff, 0xff, 0xe7, 0x00,
    0x73, 0x80, 0x39, 0xc0, 0x1c, 0xe0, 0x0e, 0x70, 0x0e, 0x70, 0x1c, 0xe0, 0x39, 0xc0, 0x73, 0x80,
    0xe7, 0x00, 0x30, 0x00, 0x70, 0x00, 0xf0, 0x00, 0xb0, 0x00, 0x30, 0x00, 0x30, 0x00, 0x30, 0x00,
    0x30, 0x0c, 0x30, 0x1c, 0x30, 0x38, 0xfc, 0x70, 0xfc, 0xe0, 0x01, 0xc0, 0x03, 0x80, 0x07, 0x00,
    0x0e, 0x00, 0x1c, 0x00, 0x3b, 0x00, 0x73, 0x00, 0xe3, 0x30, 0xc3, 0x30, 0x03, 0x30, 0x03, 0x30,
    0x03, 0xfc, 0x03, 0xfc, 0x00, 0x30, 0x00, 0x30, 0x00, 0x30, 0x30, 0x00, 0x70, 0x00, 0xf0, 0x00,
    0xb0, 0x00, 0x30, 0x00, 0x30, 0x00, 0x30, 0x00, 0x30, 0x0c, 0x30, 0x1c, 0x30, 0x38, 0xfc, 0x70,
    0xfc, 0xe0, 0x01, 0xc0, 0x03, 0x80, 0x07, 0x00, 0x0e, 0x00, 0x1c, 0xf0, 0x39, 0xf8, 0x73, 0x0c,
    0xe0, 0x0c, 0xc0, 0x0c, 0x00, 0x18, 0x00, 0x30, 0x00, 0x60, 0x00, 0xc0, 0x01, 0x8c, 0x03, 0xfc,
    0x03, 0xfc, 0x3c, 0x00, 0x7e, 0x00, 0xc3, 0x00, 0x03, 0x00, 0x03, 0x00, 0x1e, 0x00, 0x1e, 0x00,
    0x03, 0x0c, 0x03, 0x1c, 0xc3, 0x38, 0x7e, 0x70, 0x3c, 0xe0, 0x01, 0xc0, 0x03, 0x80, 0x07, 0x00,
    0x0e, 0x00, 0x1c, 0x00, 0x3b, 0x00, 0x73, 0x00, 0xe3, 0x30, 0xc3, 0x30, 0x03, 0x30, 0x03, 0x30,
    0x03, 0xfc, 0x03, 0xfc, 0x00, 0x30, 0x00, 0x30, 0x00, 0x30, 0x06, 0x00, 0x06, 0x00, 0x06, 0x00,
    0x00, 0x00, 0x00, 0x00, 0x00, 0x00, 0x06, 0x00, 0x06, 0x00, 0x06, 0x00, 0x0c, 0x00, 0x0c, 0x00,
    0x18, 0x00, 0x30, 0x00, 0x60, 0x00, 0xc0, 0x00, 0xc0, 0x00, 0xc0, 0x30, 0xe0, 0x70, 0x7f, 0xe0,
    0x3f, 0xc0, 0x1c, 0x00, 0x0e, 0x00, 0x07, 0x00, 0x03, 0x80, 0x00, 0x00, 0x3f, 0xc0, 0x7f, 0xe0,
    0xe0, 0x70, 0xc0, 0x30, 0xc0, 0x30, 0xc0, 0x30, 0xc0, 0x30, 0xc0, 0x30, 0xc0, 0x30, 0xff, 0xf0,
    0xff, 0xf0, 0xc0, 0x30, 0xc0, 0x30, 0xc0, 0x30, 0xc0, 0x30, 0xc0, 0x30, 0xc0, 0x30, 0xc0, 0x30,
    0xc0, 0x30, 0xc0, 0x30, 0x03, 0x80, 0x07, 0x00, 0x0e, 0x00, 0x1c, 0x00, 0x00, 0x00, 0x3f, 0xc0,
    0x7f, 0xe0, 0xe0, 0x70, 0xc0, 0x30, 0xc0, 0x30, 0xc0, 0x30, 0xc0, 0x30, 0xc0, 0x30, 0xc0, 0x30,
    0xff, 0xf0, 0xff, 0xf0, 0xc0, 0x30, 0xc0, 0x30, 0xc0, 0x30, 0xc0, 0x30, 0xc0, 0x30, 0xc0, 0x30,
    0xc0, 0x30, 0xc0, 0x30, 0xc0, 0x30, 0x06, 0x00, 0x0f, 0x00, 0x1f, 0x80, 0x39, 0xc0, 0x00, 0x00,
    0x00, 0x00, 0x3f, 0xc0, 0x7f, 0xe0, 0xe0, 0x70, 0xc0, 0x30, 0xc0, 0x30, 0xc0, 0x30, 0xc0, 0x30,
    0xc0, 0x30, 0xc0, 0x30, 0xff, 0xf0, 0xff, 0xf0, 0xc0, 0x30, 0xc0, 0x30, 0xc0, 0x30, 0xc0, 0x30,
    0xc0, 0x30, 0xc0, 0x30, 0xc0, 0x30, 0xc0, 0x30, 0xc0, 0x30, 0x3c, 0x30, 0x7e, 0x70, 0xe7, 0xe0,
    0xc3, 0xc0, 0x00, 0x00, 0x3f, 0xc0, 0x7f, 0xe0, 0xe0, 0x70, 0xc0, 0x30, 0xc0, 0x30, 0xc0, 0x30,
    0xc0, 0x30, 0xc0, 0x30, 0xc0, 0x30, 0xff, 0xf0, 0xff, 0xf0, 0xc0, 0x30, 0xc0, 0x30, 0xc0, 0x30,
    0xc0, 0x30, 0xc0, 0x30, 0xc0, 0x30, 0xc0, 0x30, 0xc0, 0x30, 0xc0, 0x30, 0x30, 0xc0, 0x30, 0xc0,
    0x30, 0xc0, 0x00, 0x00, 0x00, 0x00, 0x3f, 0xc0, 0x7f, 0xe0, 0xe0, 0x70, 0xc0, 0x30, 0xc0, 0x30,
    0xc0, 0x30, 0xc0, 0x30, 0xc0, 0x30, 0xc0, 0x30, 0xff, 0xf0, 0xff, 0xf0, 0xc0, 0x30, 0xc0, 0x30,
    0xc0, 0x30, 0xc0, 0x30, 0xc0, 0x30, 0xc0, 0x30, 0xc0, 0x30, 0xc0, 0x30, 0xc0, 0x30, 0x06, 0x00,
    0x0f, 0x00, 0x19, 0x80, 0x19, 0x80, 0x0f, 0x00, 0x06, 0x00, 0x3f, 0xc0, 0x7f, 0xe0, 0xe0, 0x70,
    0xc0, 0x30, 0xc0, 0x30, 0xc0, 0x30, 0xc0, 0x30, 0xc0, 0x30, 0xc0, 0x30, 0xff, 0xf0, 0xff, 0xf0,
    0xc0, 0x30, 0xc0, 0x30, 0xc0, 0x30, 0xc0, 0x30, 0xc0, 0x30, 0xc0, 0x30, 0xc0, 0x30, 0xc0, 0x30,
    0xc0, 0x30, 0x3f, 0xf0, 0x7f, 0xf0, 0xe3, 0x00, 0xc3, 0x00, 0xc3, 0x00, 0xc3, 0x00, 0xc3, 0x00,
    0xc3, 0x00, 0xc3, 0x00, 0xff, 0xf0, 0xff, 0xf0, 0xc3, 0x00, 0xc3, 0x00, 0xc3, 0x00, 0xc3, 0x00,
    0xc3, 0x00, 0xc3, 0x00, 0xc3, 0x00, 0xc3, 0xf0, 0xc3, 0xf0, 0x3f, 0xf0, 0x7f, 0xf0, 0xe0, 0x00,
    0xc0, 0x00, 0xc0, 0x00, 0xc0, 0x00, 0xc0, 0x00, 0xc0, 0x00, 0xc0, 0x00, 0xc0, 0x00, 0xc0, 0x00,
    0xc0, 0x00, 0xc0, 0x00, 0xc0, 0x00, 0xc0, 0x00, 0xc0, 0x00, 0xc0, 0x00, 0xe0, 0x00, 0x7f, 0xf0,
    0x3f, 0xf0, 0x03, 0x00, 0x03, 0x00, 0x03, 0x00, 0x07, 0x00, 0x0e, 0x00, 0x0c, 0x00, 0x1c, 0x00,
    0x0e, 0x00, 0x07, 0x00, 0x03, 0x80, 0x00, 0x00, 0x3f, 0xf0, 0x7f, 0xf0, 0xe0, 0x00, 0xc0, 0x00,
    0xc0, 0x00, 0xc0, 0x00, 0xc0, 0x00, 0xc0, 0x00, 0xc0, 0x00, 0xff, 0x80, 0xff, 0x80, 0xc0, 0x00,
    0xc0, 0x00, 0xc0, 0x00, 0xc0, 0x00, 0xc0, 0x00, 0xc0, 0x00, 0xe0, 0x00, 0x7f, 0xf0, 0x3f, 0xf0,
    0x03, 0x80, 0x07, 0x00, 0x0e, 0x00, 0x1c, 0x00, 0x00, 0x00, 0x3f, 0xf0, 0x7f, 0xf0, 0xe0, 0x00,
    0xc0, 0x00, 0xc0, 0x00, 0xc0, 0x00, 0xc0, 0x00, 0xc0, 0x00, 0xc0, 0x00, 0xff, 0x80, 0xff, 0x80,
    0xc0, 0x00, 0xc0, 0x00, 0xc0, 0x00, 0xc0, 0x00, 0xc0, 0x00, 0xc0, 0x00, 0xe0, 0x00, 0x7f, 0xf0,
    0x3f, 0xf0, 0x06, 0x00, 0x0f, 0x00, 0x1f, 0x80, 0x39, 0xc0, 0x00, 0x00, 0x00, 0x00, 0x3f, 0xf0,
    0x7f, 0xf0, 0xe0, 0x00, 0xc0, 0x00, 0xc0, 0x00, 0xc0, 0x00, 0xc0, 0x00, 0xc0, 0x00, 0xc0, 0x00,
    0xff, 0x80, 0xff, 0x80, 0xc0, 0x00, 0xc0, 0x00, 0xc0, 0x00, 0xc0, 0x00, 0xc0, 0x00, 0xc0, 0x00,
    0xe0, 0x00, 0x7f, 0xf0, 0x3f, 0xf0, 0x30, 0xc0, 0x30, 0xc0, 0x30, 0xc0, 0x00, 0x00, 0x00, 0x00,
    0x3f, 0xf0, 0x7f, 0xf0, 0xe0, 0x00, 0xc0, 0x00, 0xc0, 0x00, 0xc0, 0x00, 0xc0, 0x00, 0xc0, 0x00,
    0xc0, 0x00, 0xff, 0x80, 0xff, 0x80, 0xc0, 0x00, 0xc0, 0x00, 0xc0, 0x00, 0xc0, 0x00, 0xc0, 0x00,
    0xc0, 0x00, 0xe0, 0x00, 0x7f, 0xf0, 0x3f, 0xf0, 0x38, 0x00, 0x1c, 0x00, 0x0e, 0x00, 0x07, 0x00,
    0x00, 0x00, 0xff, 0xc0, 0xff, 0xc0, 0x0c, 0x00, 0x0c, 0x00, 0x0c, 0x00, 0x0c, 0x00, 0x0c, 0x00,
    0x0c, 0x00, 0x0c, 0x00, 0x0c, 0x00, 0x0c, 0x00, 0x0c, 0x00, 0x0c, 0x00, 0x0c, 0x00, 0x0c, 0x00,
    0x0c, 0x00, 0x0c, 0x00, 0x0c, 0x00, 0xff, 0xc0, 0xff, 0xc0, 0x07, 0x00, 0x0e, 0x00, 0x1c, 0x00,
    0x38, 0x00, 0x00, 0x00, 0xff, 0xc0, 0xff, 0xc0, 0x0c, 0x00, 0x0c, 0x00, 0x0c, 0x00, 0x0c, 0x00,
    0x0c, 0x00, 0x0c, 0x00, 0x0c, 0x00, 0x0c, 0x00, 0x0c, 0x00, 0x0c, 0x00, 0x0c, 0x00, 0x0c, 0x00,
    0x0c, 0x00, 0x0c, 0x00, 0x0c, 0x00, 0x0c, 0x00, 0xff, 0xc0, 0xff, 0xc0, 0x0c, 0x00, 0x1e, 0x00,
    0x3f, 0x00, 0x73, 0x80, 0x00, 0x00, 0x00, 0x00, 0xff, 0xc0, 0xff, 0xc0, 0x0c, 0x00, 0x0c, 0x00,
    0x0c, 0x00, 0x0c, 0x00, 0x0c, 0x00, 0x0c, 0x00, 0x0c, 0x00, 0x0c, 0x00, 0x0c, 0x00, 0x0c, 0x00,
    0x0c, 0x00, 0x0c, 0x00, 0x0c, 0x00, 0x0c, 0x00, 0x0c, 0x00, 0x0c, 0x00, 0xff, 0xc0, 0xff, 0xc0,
    0x61, 0x80, 0x61, 0x80, 0x61, 0x80, 0x00, 0x00, 0x00, 0x00, 0xff, 0xc0, 0xff, 0xc0, 0x0c, 0x00,
    0x0c, 0x00, 0x0c, 0x00, 0x0c, 0x00, 0x0c, 0x00, 0x0c, 0x00, 0x0c, 0x00, 0x0c, 0x00, 0x0c, 0x00,
    0x0c, 0x00, 0x0c, 0x00, 0x0c, 0x00, 0x0c, 0x00, 0x0c, 0x00, 0x0c, 0x00, 0x0c, 0x00, 0xff, 0xc0,
    0xff, 0xc0, 0x3f, 0xf0, 0x3f, 0xf8, 0x30, 0x1c, 0x30, 0x0c, 0x30, 0x0c, 0x30, 0x0c, 0x30, 0x0c,
    0x30, 0x0c, 0x30, 0x0c, 0xff, 0x0c, 0xff, 0x0c, 0x30, 0x0c, 0x30, 0x0c, 0x30, 0x0c, 0x30, 0x0c,
    0x30, 0x0c, 0x30, 0x0c, 0x30, 0x1c, 0x3f, 0xf8, 0x3f, 0xf0, 0x3c, 0x30, 0x7e, 0x70, 0xe7, 0xe0,
    0xc3, 0xc0, 0x00, 0x00, 0xc0, 0x30, 0xc0, 0x30, 0xe0, 0x30, 0xe0, 0x30, 0xf0, 0x30, 0xf0, 0x30,
    0xd8, 0x30, 0xd8, 0x30, 0xcc, 0x30, 0xcc, 0x30, 0xc6, 0x30, 0xc6, 0x30, 0xc3, 0x30, 0xc3, 0x30,
    0xc1, 0xb0, 0xc1, 0xb0, 0xc0, 0xf0, 0xc0, 0xf0, 0xc0, 0x70, 0xc0, 0x70, 0x1c, 0x00, 0x0e, 0x00,
    0x07, 0x00, 0x03, 0x80, 0x00, 0x00, 0x3f, 0xc0, 0x7f, 0xe0, 0xe0, 0x70, 0xc0, 0x30, 0xc0, 0x30,
    0xc0, 0x30, 0xc0, 0x30, 0xc0, 0x30, 0xc0, 0x30, 0xc0, 0x30, 0xc0, 0x30, 0xc0, 0x30, 0xc0, 0x30,
    0xc0, 0x30, 0xc0, 0x30, 0xc0, 0x30, 0xc0, 0x30, 0xe0, 0x70, 0x7f, 0xe0, 0x3f, 0xc0, 0x03, 0x80,
    0x07, 0x00, 0x0e, 0x00, 0x1c, 0x00, 0x00, 0x00, 0x3f, 0xc0, 0x7f, 0xe0, 0xe0, 0x70, 0xc0, 0x30,
    0xc0, 0x30, 0xc0, 0x30, 0xc0, 0x30, 0xc0, 0x30, 0xc0, 0x30, 0xc0, 0x30, 0xc0, 0x30, 0xc0, 0x30,
    0xc0, 0x30, 0xc0, 0x30, 0xc0, 0x30, 0xc0, 0x30, 0xc0, 0x30, 0xe0, 0x70, 0x7f, 0xe0, 0x3f, 0xc0,
    0x06, 0x00, 0x0f, 0x00, 0x1f, 0x80, 0x39, 0xc0, 0x00, 0x00, 0x00, 0x00, 0x3f, 0xc0, 0x7f, 0xe0,
    0xe0, 0x70, 0xc0, 0x30, 0xc0, 0x30, 0xc0, 0x30, 0xc0, 0x30, 0xc0, 0x30, 0xc0, 0x30, 0xc0, 0x30,
    0xc0, 0x30, 0xc0, 0x30, 0xc0, 0x30, 0xc0, 0x30, 0xc0, 0x30, 0xc0, 0x30, 0xc0, 0x30, 0xe0, 0x70,
    0x7f, 0xe0, 0x3f, 0xc0, 0x3c, 0x30, 0x7e, 0x70, 0xe7, 0xe0, 0xc3, 0xc0, 0x00, 0x00, 0x3f, 0xc0,
    0x7f, 0xe0, 0xe0, 0x70, 0xc0, 0x30, 0xc0, 0x30, 0xc0, 0x30, 0xc0, 0x30, 0xc0, 0x30, 0xc0, 0x30,
    0xc0, 0x30, 0xc0, 0x30, 0xc0, 0x30, 0xc0, 0x30, 0xc0, 0x30, 0xc0, 0x30, 0xc0, 0x30, 0xc0, 0x30,
    0xe0, 0x70, 0x7f, 0xe0, 0x3f, 0xc0, 0x30, 0xc0, 0x30, 0xc0, 0x30, 0xc0, 0x00, 0x00, 0x00, 0x00,
    0x3f, 0xc0, 0x7f, 0xe0, 0xe0, 0x70, 0xc0, 0x30, 0xc0, 0x30, 0xc0, 0x30, 0xc0, 0x30, 0xc0, 0x30,
    0xc0, 0x30, 0xc0, 0x30, 0xc0, 0x30, 0xc0, 0x30, 0xc0, 0x30, 0xc0, 0x30, 0xc0, 0x30, 0xc0, 0x30,
    0xc0, 0x30, 0xe0, 0x70, 0x7f, 0xe0, 0x3f, 0xc0, 0xc0, 0x30, 0xe0, 0x70, 0x70, 0xe0, 0x39, 0xc0,
    0x1f, 0x80, 0x0f, 0x00, 0x0f, 0x00, 0x1f, 0x80, 0x39, 0xc0, 0x70, 0xe0, 0xe0, 0x70, 0xc0, 0x30,
    0x00, 0x18, 0x00, 0x18, 0x1f, 0xf0, 0x3f, 0xf0, 0x70, 0x78, 0x60, 0x78, 0x60, 0xd8, 0x60, 0xd8,
    0x61, 0x98, 0x61, 0x98, 0x63, 0x18, 0x63, 0x18, 0x66, 0x18, 0x66, 0x18, 0x6c, 0x18, 0x6c, 0x18,
    0x78, 0x18, 0x78, 0x18, 0x70, 0x18, 0x70, 0x38, 0x7f, 0xf0, 0x7f, 0xe0, 0xc0, 0x00, 0xc0, 0x00,
    0x1c, 0x00, 0x0e, 0x00, 0x07, 0x00, 0x03, 0x80, 0x00, 0x00, 0xc0, 0x30, 0xc0, 0x30, 0xc0, 0x30,
    0xc0, 0x30, 0xc0, 0x30, 0xc0, 0x30, 0xc0, 0x30, 0xc0, 0x30, 0xc0, 0x30, 0xc0, 0x30, 0xc0, 0x30,
    0xc0, 0x30, 0xc0, 0x30, 0xc0, 0x30, 0xc0, 0x30, 0xc0, 0x30, 0xc0, 0x30, 0xe0, 0x30, 0x7f, 0xf0,
    0x3f, 0xf0, 0x03, 0x80, 0x07, 0x00, 0x0e, 0x00, 0x1c, 0x00, 0x00, 0x00, 0xc0, 0x30, 0xc0, 0x30,
    0xc0, 0x30, 0xc0, 0x30, 0xc0, 0x30, 0xc0, 0x30, 0xc0, 0x30, 0xc0, 0x30, 0xc0, 0x30, 0xc0, 0x30,
    0xc0, 0x30, 0xc0, 0x30, 0xc0, 0x30, 0xc0, 0x30, 0xc0, 0x30, 0xc0, 0x30, 0xc0, 0x30, 0xe0, 0x30,
    0x7f, 0xf0, 0x3f, 0xf0, 0x06, 0x00, 0x0f, 0x00, 0x1f, 0x80, 0x39, 0xc0, 0x00, 0x00, 0x00, 0x00,
    0xc0, 0x30, 0xc0, 0x30, 0xc0, 0x30, 0xc0, 0x30, 0xc0, 0x30, 0xc0, 0x30, 0xc0, 0x30, 0xc0, 0x30,
    0xc0, 0x30, 0xc0, 0x30, 0xc0, 0x30, 0xc0, 0x30, 0xc0, 0x30, 0xc0, 0x30, 0xc0, 0x30, 0xc0, 0x30,
    0xc0, 0x30, 0xe0, 0x30, 0x7f, 0xf0, 0x3f, 0xf0, 0x30, 0xc0, 0x30, 0xc0, 0x30, 0xc0, 0x00, 0x00,
    0x00, 0x00, 0xc0, 0x30, 0xc0, 0x30, 0xc0, 0x30, 0xc0, 0x30, 0xc0, 0x30, 0xc0, 0x30, 0xc0, 0x30,
    0xc0, 0x30, 0xc0, 0x30, 0xc0, 0x30, 0xc0, 0x30, 0xc0, 0x30, 0xc0, 0x30, 0xc0, 0x30, 0xc0, 0x30,
    0xc0, 0x30, 0xc0, 0x30, 0xe0, 0x30, 0x7f, 0xf0, 0x3f, 0xf0, 0x03, 0x80, 0x07, 0x00, 0x0e, 0x00,
    0x1c, 0x00, 0x00, 0x00, 0xc0, 0x30, 0xc0, 0x30, 0xc0, 0x30, 0xc0, 0x30, 0xc0, 0x30, 0xc0, 0x30,
    0xc0, 0x30, 0xc0, 0x30, 0xe0, 0x30, 0x7f, 0xf0, 0x3f, 0xf0, 0x00, 0x30, 0x00, 0x30, 0x00, 0x30,
    0x00, 0x30, 0x00, 0x30, 0x00, 0x30, 0x00, 0x70, 0xff, 0xe0, 0xff, 0xc0, 0xc0, 0x00, 0xc0, 0x00,
    0xc0, 0x00, 0xc0, 0x00, 0xff, 0xc0, 0xff, 0xe0, 0xc0, 0x70, 0xc0, 0x30, 0xc0, 0x30, 0xc0, 0x30,
    0xc0, 0x30, 0xc0, 0x30, 0xc0, 0x30, 0xc0, 0x30, 0xc0, 0x30, 0xc0, 0x70, 0xff, 0xe0, 0xff, 0xc0,
    0xc0, 0x00, 0xc0, 0x00, 0xc0, 0x00, 0xc0, 0x00, 0x3f, 0x00, 0x7f, 0x80, 0xe1, 0xc0, 0xc0, 0xc0,
    0xc0, 0xc0, 0xc0, 0xc0, 0xc0, 0xc0, 0xc1, 0xc0, 0xc3, 0x80, 0xcf, 0x00, 0xcf, 0xc0, 0xc1, 0xe0,
    0xc0, 0x70, 0xc0, 0x30, 0xc0, 0x30, 0xc0, 0x30, 0xd8, 0x30, 0xdc, 0x70, 0xcf, 0xe0, 0xc7, 0xc0,
    0x18, 0x00, 0x1c, 0x00, 0x0e, 0x00, 0x07, 0x00, 0x03, 0x80, 0x01, 0x80, 0x00, 0x00, 0x00, 0x00,
    0x7f, 0xc0, 0x7f, 0xe0, 0x00, 0x70, 0x00, 0x30, 0x00, 0x30, 0x3f, 0xf0, 0x7f, 0xf0, 0xe0, 0x30,
    0xc0, 0x30, 0xc0, 0x30, 0xc0, 0x30, 0xe0, 0x30, 0x7f, 0xf0, 0x3f, 0xf0, 0x00, 0xc0, 0x01, 0xc0,
    0x03, 0x80, 0x07, 0x00, 0x0e, 0x00, 0x0c, 0x00, 0x00, 0x00, 0x00, 0x00, 0x7f, 0xc0, 0x7f, 0xe0,
    0x00, 0x70, 0x00, 0x30, 0x00, 0x30, 0x3f, 0xf0, 0x7f, 0xf0, 0xe0, 0x30, 0xc0, 0x30, 0xc0, 0x30,
    0xc0, 0x30, 0xe0, 0x30, 0x7f, 0xf0, 0x3f, 0xf0, 0x06, 0x00, 0x0f, 0x00, 0x1f, 0x80, 0x39, 0xc0,
    0x70, 0xe0, 0x60, 0x60, 0x00, 0x00, 0x00, 0x00, 0x7f, 0xc0, 0x7f, 0xe0, 0x00, 0x70, 0x00, 0x30,
    0x00, 0x30, 0x3f, 0xf0, 0x7f, 0xf0, 0xe0, 0x30, 0xc0, 0x30, 0xc0, 0x30, 0xc0, 0x30, 0xe0, 0x30,
    0x7f, 0xf0, 0x3f, 0xf0, 0x38, 0x30, 0x7c, 0x30, 0xee, 0x70, 0xc7, 0xe0, 0xc3, 0xc0, 0x00, 0x00,
    0x00, 0x00, 0x00, 0x00, 0x7f, 0xc0, 0x7f, 0xe0, 0x00, 0x70, 0x00, 0x30, 0x00, 0x30, 0x3f, 0xf0,
    0x7f, 0xf0, 0xe0, 0x30, 0xc0, 0x30, 0xc0, 0x30, 0xc0, 0x30, 0xe0, 0x30, 0x7f, 0xf0, 0x3f, 0xf0,
    0x30, 0xc0, 0x30, 0xc0, 0x30, 0xc0, 0x00, 0x00, 0x00, 0x00, 0x00, 0x00, 0x7f, 0xc0, 0x7f, 0xe0,
    0x00, 0x70, 0x00, 0x30, 0x00, 0x30, 0x3f, 0xf0, 0x7f, 0xf0, 0xe0, 0x30, 0xc0, 0x30, 0xc0, 0x30,
    0xc0, 0x30, 0xe0, 0x30, 0x7f, 0xf0, 0x3f, 0xf0, 0x07, 0x00, 0x0f, 0x80, 0x18, 0xc0, 0x18, 0xc0,
    0x18, 0xc0, 0x0f, 0x80, 0x07, 0x00, 0x00, 0x00, 0x00, 0x00, 0x7f, 0xc0, 0x7f, 0xe0, 0x00, 0x70,
    0x00, 0x30, 0x00, 0x30, 0x3f, 0xf0, 0x7f, 0xf0, 0xe0, 0x30, 0xc0, 0x30, 0xc0, 0x30, 0xc0, 0x30,
    0xe0, 0x30, 0x7f, 0xf0, 0x3f, 0xf0, 0x79, 0xf0, 0x7f, 0xf0, 0x0f, 0x30, 0x06, 0x30, 0x06, 0x30,
    0x3e, 0x30, 0x7f, 0xf0, 0xe7, 0xf0, 0xc6, 0x00, 0xc6, 0x00, 0xc6, 0x00, 0xe7, 0x00, 0x7f, 0xf0,
    0x3d, 0xf0, 0x3f, 0xf0, 0x7f, 0xf0, 0xe0, 0x00, 0xc0, 0x00, 0xc0, 0x00, 0xc0, 0x00, 0xc0, 0x00,
    0xc0, 0x00, 0xc0, 0x00, 0xc0, 0x00, 0xc0, 0x00, 0xe0, 0x00, 0x7f, 0xf0, 0x3f, 0xf0, 0x03, 0x00,
    0x03, 0x00, 0x03, 0x00, 0x07, 0x00, 0x0e, 0x00, 0x0c, 0x00, 0x18, 0x00, 0x1c, 0x00, 0x0e, 0x00,
    0x07, 0x00, 0x03, 0x80, 0x01, 0x80, 0x00, 0x00, 0x00, 0x00, 0x3f, 0xf0, 0x7f, 0xf0, 0xe0, 0x30,
    0xc0, 0x30, 0xc0, 0x30, 0xc0, 0x30, 0xff, 0xf0, 0xff, 0xf0, 0xc0, 0x00, 0xc0, 0x00, 0xc0, 0x00,
    0xe0, 0x00, 0x7f, 0xf0, 0x3f, 0xf0, 0x00, 0xc0, 0x01, 0xc0, 0x03, 0x80, 0x07, 0x00, 0x0e, 0x00,
    0x0c, 0x00, 0x00, 0x00, 0x00, 0x00, 0x3f, 0xf0, 0x7f, 0xf0, 0xe0, 0x30, 0xc0, 0x30, 0xc0, 0x30,
    0xc0, 0x30, 0xff, 0xf0, 0xff, 0xf0, 0xc0, 0x00, 0xc0, 0x00, 0xc0, 0x00, 0xe0, 0x00, 0x7f, 0xf0,
    0x3f, 0xf0, 0x06, 0x00, 0x0f, 0x00, 0x1f, 0x80, 0x39, 0xc0, 0x70, 0xe0, 0x60, 0x60, 0x00, 0x00,
    0x00, 0x00, 0x3f, 0xf0, 0x7f, 0xf0, 0xe0, 0x30, 0xc0, 0x30, 0xc0, 0x30, 0xc0, 0x30, 0xff, 0xf0,
    0xff, 0xf0, 0xc0, 0x00, 0xc0, 0x00, 0xc0, 0x00, 0xe0, 0x00, 0x7f, 0xf0, 0x3f, 0xf0, 0x30, 0xc0,
    0x30, 0xc0, 0x30, 0xc0, 0x00, 0x00, 0x00, 0x00, 0x00, 0x00, 0x3f, 0xf0, 0x7f, 0xf0, 0xe0, 0x30,
    0xc0, 0x30, 0xc0, 0x30, 0xc0, 0x30, 0xff, 0xf0, 0xff, 0xf0, 0xc0, 0x00, 0xc0, 0x00, 0xc0, 0x00,
    0xe0, 0x00, 0x7f, 0xf0, 0x3f, 0xf0, 0xc0, 0xe0, 0x70, 0x38, 0x1c, 0x0c, 0x00, 0x00, 0xf0, 0xf0,
    0x30, 0x30, 0x30, 0x30, 0x30, 0x30, 0x30, 0x30, 0x30, 0x30, 0x3c, 0x3c, 0x0c, 0x1c, 0x38, 0x70,
    0xe0, 0xc0, 0x00, 0x00, 0xf0, 0xf0, 0x30, 0x30, 0x30, 0x30, 0x30, 0x30, 0x30, 0x30, 0x30, 0x30,
    0x3c, 0x3c, 0x0c, 0x00, 0x1e, 0x00, 0x3f, 0x00, 0x73, 0x80, 0xe1, 0xc0, 0xc0, 0xc0, 0x00, 0x00,
    0x00, 0x00, 0x3c, 0x00, 0x3c, 0x00, 0x0c, 0x00, 0x0c, 0x00, 0x0c, 0x00, 0x0c, 0x00, 0x0c, 0x00,
    0x0c, 0x00, 0x0c, 0x00, 0x0c, 0x00, 0x0c, 0x00, 0x0c, 0x00, 0x0f, 0x00, 0x0f, 0x00, 0xc3, 0xc3,
    0xc3, 0x00, 0x00, 0x00, 0x78, 0x78, 0x18, 0x18, 0x18, 0x18, 0x18, 0x18, 0x18, 0x18, 0x18, 0x18,
    0x1e, 0x1e, 0x66, 0x00, 0x66, 0x00, 0x3c, 0x00, 0x3c, 0x00, 0x7e, 0x00, 0x67, 0x00, 0x03, 0x80,
    0x3f, 0xc0, 0x7f, 0xe0, 0xe0, 0x70, 0xc0, 0x30, 0xc0, 0x30, 0xc0, 0x30, 0xc0, 0x30, 0xc0, 0x30,
    0xc0, 0x30, 0xc0, 0x30, 0xc0, 0x30, 0xe0, 0x70, 0x7f, 0xe0, 0x3f, 0xc0, 0x38, 0x30, 0x7c, 0x30,
    0xee, 0x70, 0xc7, 0xe0, 0xc3, 0xc0, 0x00, 0x00, 0x00, 0x00, 0x00, 0x00, 0xff, 0xc0, 0xff, 0xe0,
    0xc0, 0x70, 0xc0, 0x30, 0xc0, 0x30, 0xc0, 0x30, 0xc0, 0x30, 0xc0, 0x30, 0xc0, 0x30, 0xc0, 0x30,
    0xc0, 0x30, 0xc0, 0x30, 0xc0, 0x30, 0xc0, 0x30, 0x18, 0x00, 0x1c, 0x00, 0x0e, 0x00, 0x07, 0x00,
    0x03, 0x80, 0x01, 0x80, 0x00, 0x00, 0x00, 0x00, 0x3f, 0xc0, 0x7f, 0xe0, 0xe0, 0x70, 0xc0, 0x30,
    0xc0, 0x30, 0xc0, 0x30, 0xc0, 0x30, 0xc0, 0x30, 0xc0, 0x30, 0xc0, 0x30, 0xc0, 0x30, 0xe0, 0x70,
    0x7f, 0xe0, 0x3f, 0xc0, 0x01, 0x80, 0x03, 0x80, 0x07, 0x00, 0x0e, 0x00, 0x1c, 0x00, 0x18, 0x00,
    0x00, 0x00, 0x00, 0x00, 0x3f, 0xc0, 0x7f, 0xe0, 0xe0, 0x70, 0xc0, 0x30, 0xc0, 0x30, 0xc0, 0x30,
    0xc0, 0x30, 0xc0, 0x30, 0xc0, 0x30, 0xc0, 0x30, 0xc0, 0x30, 0xe0, 0x70, 0x7f, 0xe0, 0x3f, 0xc0,
    0x06, 0x00, 0x0f, 0x00, 0x1f, 0x80, 0x39, 0xc0, 0x70, 0xe0, 0x60, 0x60, 0x00, 0x00, 0x00, 0x00,
    0x3f, 0xc0, 0x7f, 0xe0, 0xe0, 0x70, 0xc0, 0x30, 0xc0, 0x30, 0xc0, 0x30, 0xc0, 0x30, 0xc0, 0x30,
    0xc0, 0x30, 0xc0, 0x30, 0xc0, 0x30, 0xe0, 0x70, 0x7f, 0xe0, 0x3f, 0xc0, 0x38, 0x30, 0x7c, 0x30,
    0xee, 0x70, 0xc7, 0xe0, 0xc3, 0xc0, 0x00, 0x00, 0x00, 0x00, 0x00, 0x00, 0x3f, 0xc0, 0x7f, 0xe0,
    0xe0, 0x70, 0xc0, 0x30, 0xc0, 0x30, 0xc0, 0x30, 0xc0, 0x30, 0xc0, 0x30, 0xc0, 0x30, 0xc0, 0x30,
    0xc0, 0x30, 0xe0, 0x70, 0x7f, 0xe0, 0x3f, 0xc0, 0x30, 0xc0, 0x30, 0xc0, 0x30, 0xc0, 0x00, 0x00,
    0x00, 0x00, 0x00, 0x00, 0x3f, 0xc0, 0x7f, 0xe0, 0xe0, 0x70, 0xc0, 0x30, 0xc0, 0x30, 0xc0, 0x30,
    0xc0, 0x30, 0xc0, 0x30, 0xc0, 0x30, 0xc0, 0x30, 0xc0, 0x30, 0xe0, 0x70, 0x7f, 0xe0, 0x3f, 0xc0,
    0x0c, 0x00, 0x0c, 0x00, 0x0c, 0x00, 0x00, 0x00, 0x00, 0x00, 0xff, 0xc0, 0xff, 0xc0, 0x00, 0x00,
    0x00, 0x00, 0x0c, 0x00, 0x0c, 0x00, 0x0c, 0x00, 0x1f, 0xec, 0x3f, 0xfc, 0x70, 0x38, 0x60, 0x78,
    0x60, 0xf8, 0x61, 0xd8, 0x63, 0x98, 0x67, 0x18, 0x6e, 0x18, 0x7c, 0x18, 0x78, 0x18, 0x70, 0x38,
    0xff, 0xf0, 0xdf, 0xe0, 0x18, 0x00, 0x1c, 0x00, 0x0e, 0x00, 0x07, 0x00, 0x03, 0x80, 0x01, 0x80,
    0x00, 0x00, 0x00, 0x00, 0xc0, 0x30, 0xc0, 0x30, 0xc0, 0x30, 0xc0, 0x30, 0xc0, 0x30, 0xc0, 0x30,
    0xc0, 0x30, 0xc0, 0x30, 0xc0, 0x30, 0xc0, 0x30, 0xc0, 0x30, 0xe0, 0x30, 0x7f, 0xf0, 0x3f, 0xf0,
    0x01, 0x80, 0x03, 0x80, 0x07, 0x00, 0x0e, 0x00, 0x1c, 0x00, 0x18, 0x00, 0x00, 0x00, 0x00, 0x00,
    0xc0, 0x30, 0xc0, 0x30, 0xc0, 0x30, 0xc0, 0x30, 0xc0, 0x30, 0xc0, 0x30, 0xc0, 0x30, 0xc0, 0x30,
    0xc0, 0x30, 0xc0, 0x30, 0xc0, 0x30, 0xe0, 0x30, 0x7f, 0xf0, 0x3f, 0xf0, 0x06, 0x00, 0x0f, 0x00,
    0x1f, 0x80, 0x39, 0xc0, 0x70, 0xe0, 0x60, 0x60, 0x00, 0x00, 0x00, 0x00, 0xc0, 0x30, 0xc0, 0x30,
    0xc0, 0x30, 0xc0, 0x30, 0xc0, 0x30, 0xc0, 0x30, 0xc0, 0x30, 0xc0, 0x30, 0xc0, 0x30, 0xc0, 0x30,
    0xc0, 0x30, 0xe0, 0x30, 0x7f, 0xf0, 0x3f, 0xf0, 0x30, 0xc0, 0x30, 0xc0, 0x30, 0xc0, 0x00, 0x00,
    0x00, 0x00, 0x00, 0x00, 0xc0, 0x30, 0xc0, 0x30, 0xc0, 0x30, 0xc0, 0x30, 0xc0, 0x30, 0xc0, 0x30,
    0xc0, 0x30, 0xc0, 0x30, 0xc0, 0x30, 0xc0, 0x30, 0xc0, 0x30, 0xe0, 0x30, 0x7f, 0xf0, 0x3f, 0xf0,
    0x01, 0x80, 0x03, 0x80, 0x07, 0x00, 0x0e, 0x00, 0x1c, 0x00, 0x18, 0x00, 0x00, 0x00, 0x00, 0x00,
    0xc0, 0x30, 0xc0, 0x30, 0xc0, 0x30, 0xc0, 0x30, 0xc0, 0x30, 0xc0, 0x30, 0xc0, 0x30, 0xc0, 0x30,
    0xc0, 0x30, 0xc0, 0x30, 0xc0, 0x30, 0xe0, 0x30, 0x7f, 0xf0, 0x3f, 0xf0, 0x00, 0x30, 0x00, 0x30,
    0x00, 0x30, 0x00, 0x70, 0xff, 0xe0, 0xff, 0xc0, 0xc0, 0x00, 0xc0, 0x00, 0xc0, 0x00, 0xc0, 0x00,
    0xc0, 0x00, 0xc0, 0x00, 0xff, 0xc0, 0xff, 0xe0, 0xc0, 0x70, 0xc0, 0x30, 0xc0, 0x30, 0xc0, 0x30,
    0xc0, 0x30, 0xc0, 0x30, 0xc0, 0x30, 0xc0, 0x30, 0xc0, 0x30, 0xc0, 0x70, 0xff, 0xe0, 0xff, 0xc0,
    0xc0, 0x00, 0xc0, 0x00, 0xc0, 0x00, 0xc0, 0x00, 0xc0, 0x00, 0xc0, 0x00, 0x30, 0xc0, 0x30, 0xc0,
    0x30, 0xc0, 0x00, 0x00, 0x00, 0x00, 0x00, 0x00, 0xc0, 0x30, 0xc0, 0x30, 0xc0, 0x30, 0xc0, 0x30,
    0xc0, 0x30, 0xc0, 0x30, 0xc0, 0x30, 0xc0, 0x30, 0xc0, 0x30, 0xc0, 0x30, 0xc0, 0x30, 0xe0, 0x30,
    0x7f, 0xf0, 0x3f, 0xf0, 0x00, 0x30, 0x00, 0x30, 0x00, 0x30, 0x00, 0x70, 0xff, 0xe0, 0xff, 0xc0,
};
inline constexpr Glyph kLargeGlyphs[] = {
    {0, 0, 0, 0, 0, 16}, // U+0020
    {0, 2, 20, 7, -20, 16}, // U+0021
    {20, 10, 8, 3, -22, 16}, // U+0022
    {36, 14, 20, 1, -20, 16}, // U+0023
    {76, 12, 24, 2, -22, 16}, // U+0024
    {124, 11, 20, 3, -20, 16}, // U+0025
    {164, 14, 20, 1, -20, 16}, // U+0026
    {204, 2, 8, 7, -22, 16}, // U+0027
    {212, 11, 26, 3, -23, 16}, // U+0028
    {264, 11, 26, 2, -23, 16}, // U+0029
    {316, 14, 14, 1, -16, 16}, // U+002A
    {344, 10, 10, 3, -14, 16}, // U+002B
    {364, 4, 6, 5, -4, 16}, // U+002C
    {370, 12, 2, 2, -10, 16}, // U+002D
    {374, 2, 3, 7, -3, 16}, // U+002E
    {377, 14, 26, 1, -23, 16}, // U+002F
    {429, 12, 20, 2, -20, 16}, // U+0030
    {469, 10, 20, 3, -20, 16}, // U+0031
    {509, 12, 20, 2, -20, 16}, // U+0032
    {549, 12, 20, 2, -20, 16}, // U+0033
    {589, 12, 20, 2, -20, 16}, // U+0034
    {629, 12, 20, 2, -20, 16}, // U+0035
    {669, 12, 20, 2, -20, 16}, // U+0036
    {709, 12, 20, 2, -20, 16}, // U+0037
    {749, 12, 20, 2, -20, 16}, // U+0038
    {789, 12, 20, 2, -20, 16}, // U+0039
    {829, 2, 13, 7, -13, 16}, // U+003A
    {842, 4, 15, 5, -13, 16}, // U+003B
    {857, 12, 20, 2, -20, 16}, // U+003C
    {897, 12, 8, 2, -14, 16}, // U+003D
    {913, 12, 20, 2, -20, 16}, // U+003E
    {953, 12, 20, 2, -20, 16}, // U+003F
    {993, 12, 18, 2, -18, 16}, // U+0040
    {1029, 12, 20, 2, -20, 16}, // U+0041
    {1069, 12, 20, 2, -20, 16}, // U+0042
    {1109, 12, 20, 2, -20, 16}, // U+0043
    {1149, 12, 20, 2, -20, 16}, // U+0044
    {1189, 12, 20, 2, -20, 16}, // U+0045
    {1229, 12, 20, 2, -20, 16}, // U+0046
    {1269, 12, 20, 2, -20, 16}, // U+0047
    {1309, 12, 20, 2, -20, 16}, // U+0048
    {1349, 10, 20, 3, -20, 16}, // U+0049
    {1389, 12, 20, 1, -20, 16}, // U+004A
    {1429, 12, 20, 2, -20, 16}, // U+004B
    {1469, 12, 20, 2, -20, 16}, // U+004C
    {1509, 12, 20, 2, -20, 16}, // U+004D
    {1549, 12, 20, 2, -20, 16}, // U+004E
    {1589, 12, 20, 2, -20, 16}, // U+004F
    {1629, 12, 20, 2, -20, 16}, // U+0050
    {1669, 12, 24, 2, -20, 16}, // U+0051
    {1717, 12, 20, 2, -20, 16}, // U+0052
    {1757, 12, 20, 2, -20, 16}, // U+0053
    {1797, 14, 20, 1, -20, 16}, // U+0054
    {1837, 12, 20, 2, -20, 16}, // U+0055
    {1877, 12, 20, 2, -20, 16}, // U+0056
    {1917, 12, 20, 2, -20, 16}, // U+0057
    {1957, 12, 20, 2, -20, 16}, // U+0058
    {1997, 12, 20, 2, -20, 16}, // U+0059
    {2037, 12, 20, 2, -20, 16}, // U+005A
    {2077, 10, 28, 4, -24, 16}, // U+005B
    {2133, 14, 26, 1, -23, 16}, // U+005C
    {2185, 10, 28, 2, -24, 16}, // U+005D
    {2241, 14, 8, 1, -22, 16}, // U+005E
    {2257, 14, 2, 1, 2, 16}, // U+005F
    {2261, 6, 6, 5, -22, 16}, // U+0060
    {2267, 12, 14, 2, -14, 16}, // U+0061
    {2295, 12, 20, 2, -20, 16}, // U+0062
    {2335, 12, 14, 2, -14, 16}, // U+0063
    {2363, 12, 20, 2, -20, 16}, // U+0064
    {2403, 12, 14, 2, -14, 16}, // U+0065
    {2431, 10, 20, 3, -20, 16}, // U+0066
    {2471, 12, 20, 2, -14, 16}, // U+0067
    {2511, 12, 20, 2, -20, 16}, // U+0068
    {2551, 6, 20, 5, -20, 16}, // U+0069
    {2571, 6, 26, 3, -20, 16}, // U+006A
    {2597, 11, 20, 3, -20, 16}, // U+006B
    {2637, 8, 20, 5, -20, 16}, // U+006C
    {2657, 12, 14, 2, -14, 16}, // U+006D
    {2685, 12, 14, 2, -14, 16}, // U+006E
    {2713, 12, 14, 2, -14, 16}, // U+006F
    {2741, 12, 20, 2, -14, 16}, // U+0070
    {2781, 12, 20, 2, -14, 16}, // U+0071
    {2821, 12, 14, 2, -14, 16}, // U+0072
    {2849, 12, 14, 2, -14, 16}, // U+0073
    {2877, 10, 20, 3, -20, 16}, // U+0074
    {2917, 12, 14, 2, -14, 16}, // U+0075
    {2945, 12, 14, 2, -14, 16}, // U+0076
    {2973, 12, 14, 2, -14, 16}, // U+0077
    {3001, 12, 14, 2, -14, 16}, // U+0078
    {3029, 12, 20, 2, -14, 16}, // U+0079
    {3069, 12, 14, 2, -14, 16}, // U+007A
    {3097, 12, 28, 2, -24, 16}, // U+007B
    {3153, 2, 24, 7, -22, 16}, // U+007C
    {3177, 12, 28, 2, -24, 16}, // U+007D
    {3233, 12, 5, 2, -12, 16}, // U+007E
    {953, 12, 20, 2, -20, 16}, // U+007F
    {953, 12, 20, 2, -20, 16}, // U+0080
    {953, 12, 20, 2, -20, 16}, // U+0081
    {953, 12, 20, 2, -20, 16}, // U+0082
    {953, 12, 20, 2, -20, 16}, // U+0083
    {953, 12, 20, 2, -20, 16}, // U+0084
    {953, 12, 20, 2, -20, 16}, // U+0085
    {953, 12, 20, 2, -20, 16}, // U+0086
    {953, 12, 20, 2, -20, 16}, // U+0087
    {953, 12, 20, 2, -20, 16}, // U+0088
    {953, 12, 20, 2, -20, 16}, // U+0089
    {953, 12, 20, 2, -20, 16}, // U+008A
    {953, 12, 20, 2, -20, 16}, // U+008B
    {953, 12, 20, 2, -20, 16}, // U+008C
    {953, 12, 20, 2, -20, 16}, // U+008D
    {953, 12, 20, 2, -20, 16}, // U+008E
    {953, 12, 20, 2, -20, 16}, // U+008F
    {953, 12, 20, 2, -20, 16}, // U+0090
    {953, 12, 20, 2, -20, 16}, // U+0091
    {953, 12, 20, 2, -20, 16}, // U+0092
    {953, 12, 20, 2, -20, 16}, // U+0093
    {953, 12, 20, 2, -20, 16}, // U+0094
    {953, 12, 20, 2, -20, 16}, // U+0095
    {953, 12, 20, 2, -20, 16}, // U+0096
    {953, 12, 20, 2, -20, 16}, // U+0097
    {953, 12, 20, 2, -20, 16}, // U+0098
    {953, 12, 20, 2, -20, 16}, // U+0099
    {953, 12, 20, 2, -20, 16}, // U+009A
    {953, 12, 20, 2, -20, 16}, // U+009B
    {953, 12, 20, 2, -20, 16}, // U+009C
    {953, 12, 20, 2, -20, 16}, // U+009D
    {953, 12, 20, 2, -20, 16}, // U+009E
    {953, 12, 20, 2, -20, 16}, // U+009F
    {0, 0, 0, 0, 0, 16}, // U+00A0
    {3243, 2, 20, 7, -20, 16}, // U+00A1
    {3263, 12, 18, 2, -16, 16}, // U+00A2
    {3299, 12, 20, 2, -20, 16}, // U+00A3
    {3339, 10, 14, 3, -17, 16}, // U+00A4
    {3367, 12, 20, 2, -20, 16}, // U+00A5
    {3407, 2, 24, 7, -22, 16}, // U+00A6
    {3431, 10, 24, 3, -22, 16}, // U+00A7
    {3479, 8, 3, 4, -19, 16}, // U+00A8
    {3482, 12, 16, 2, -16, 16}, // U+00A9
    {3514, 8, 14, 4, -22, 16}, // U+00AA
    {3528, 12, 10, 2, -12, 16}, // U+00AB
    {3548, 12, 8, 2, -14, 16}, // U+00AC
    {3564, 10, 2, 3, -10, 16}, // U+00AD
    {3568, 12, 16, 2, -18, 16}, // U+00AE
    {3600, 8, 2, 4, -24, 16}, // U+00AF
    {3602, 8, 9, 4, -21, 16}, // U+00B0
    {3611, 10, 14, 3, -16, 16}, // U+00B1
    {3639, 8, 12, 4, -21, 16}, // U+00B2
    {3651, 8, 12, 4, -21, 16}, // U+00B3
    {3663, 6, 6, 6, -22, 16}, // U+00B4
    {3669, 13, 20, 2, -14, 16}, // U+00B5
    {3709, 12, 20, 2, -20, 16}, // U+00B6
    {374, 2, 3, 7, -12, 16}, // U+00B7
    {364, 4, 6, 5, 0, 16}, // U+00B8
    {3749, 6, 12, 5, -21, 16}, // U+00B9
    {3761, 8, 13, 4, -21, 16}, // U+00BA
    {3774, 12, 10, 2, -12, 16}, // U+00BB
    {3794, 14, 28, 1, -24, 16}, // U+00BC
    {3850, 14, 28, 1, -24, 16}, // U+00BD
    {3906, 14, 28, 1, -24, 16}, // U+00BE
    {3962, 12, 20, 2, -20, 16}, // U+00BF
    {4002, 12, 25, 2, -25, 16}, // U+00C0
    {4052, 12, 25, 2, -25, 16}, // U+00C1
    {4102, 12, 26, 2, -26, 16}, // U+00C2
    {4154, 12, 25, 2, -25, 16}, // U+00C3
    {4204, 12, 25, 2, -25, 16}, // U+00C4
    {4254, 12, 26, 2, -26, 16}, // U+00C5
    {4306, 12, 20, 2, -20, 16}, // U+00C6
    {4346, 12, 26, 2, -20, 16}, // U+00C7
    {4398, 12, 25, 2, -25, 16}, // U+00C8
    {4448, 12, 25, 2, -25, 16}, // U+00C9
    {4498, 12, 26, 2, -26, 16}, // U+00CA
    {4550, 12, 25, 2, -25, 16}, // U+00CB
    {4600, 10, 25, 3, -25, 16}, // U+00CC
    {4650, 10, 25, 3, -25, 16}, // U+00CD
    {4700, 10, 26, 3, -26, 16}, // U+00CE
    {4752, 10, 25, 3, -25, 16}, // U+00CF
    {4802, 14, 20, 0, -20, 16}, // U+00D0
    {4842, 12, 25, 2, -25, 16}, // U+00D1
    {4892, 12, 25, 2, -25, 16}, // U+00D2
    {4942, 12, 25, 2, -25, 16}, // U+00D3
    {4992, 12, 26, 2, -26, 16}, // U+00D4
    {5044, 12, 25, 2, -25, 16}, // U+00D5
    {5094, 12, 25, 2, -25, 16}, // U+00D6
    {5144, 12, 12, 2, -16, 16}, // U+00D7
    {5168, 13, 24, 1, -22, 16}, // U+00D8
    {5216, 12, 25, 2, -25, 16}, // U+00D9
    {5266, 12, 25, 2, -25, 16}, // U+00DA
    {5316, 12, 26, 2, -26, 16}, // U+00DB
    {5368, 12, 25, 2, -25, 16}, // U+00DC
    {5418, 12, 25, 2, -25, 16}, // U+00DD
    {5468, 12, 22, 2, -18, 16}, // U+00DE
    {5512, 12, 20, 2, -20, 16}, // U+00DF
    {5552, 12, 22, 2, -22, 16}, // U+00E0
    {5596, 12, 22, 2, -22, 16}, // U+00E1
    {5640, 12, 22, 2, -22, 16}, // U+00E2
    {5684, 12, 22, 2, -22, 16}, // U+00E3
    {5728, 12, 20, 2, -20, 16}, // U+00E4
    {5768, 12, 23, 2, -23, 16}, // U+00E5
    {5814, 12, 14, 2, -14, 16}, // U+00E6
    {5842, 12, 20, 2, -14, 16}, // U+00E7
    {5882, 12, 22, 2, -22, 16}, // U+00E8
    {5926, 12, 22, 2, -22, 16}, // U+00E9
    {5970, 12, 22, 2, -22, 16}, // U+00EA
    {6014, 12, 20, 2, -20, 16}, // U+00EB
    {6054, 6, 22, 5, -22, 16}, // U+00EC
    {6076, 6, 22, 5, -22, 16}, // U+00ED
    {6098, 10, 22, 3, -22, 16}, // U+00EE
    {6142, 8, 20, 4, -20, 16}, // U+00EF
    {6162, 12, 21, 2, -21, 16}, // U+00F0
    {6204, 12, 22, 2, -22, 16}, // U+00F1
    {6248, 12, 22, 2, -22, 16}, // U+00F2
    {6292, 12, 22, 2, -22, 16}, // U+00F3
    {6336, 12, 22, 2, -22, 16}, // U+00F4
    {6380, 12, 22, 2, -22, 16}, // U+00F5
    {6424, 12, 20, 2, -20, 16}, // U+00F6
    {6464, 10, 12, 3, -15, 16}, // U+00F7
    {6488, 14, 14, 1, -14, 16}, // U+00F8
    {6516, 12, 22, 2, -22, 16}, // U+00F9
    {6560, 12, 22, 2, -22, 16}, // U+00FA
    {6604, 12, 22, 2, -22, 16}, // U+00FB
    {6648, 12, 20, 2, -20, 16}, // U+00FC
    {6688, 12, 28, 2, -22, 16}, // U+00FD
    {6744, 12, 26, 2, -20, 16}, // U+00FE
    {6796, 12, 26, 2, -20, 16}, // U+00FF
};

// Huge: spleen-12x24.bdf, scale 3x4, U+0020..U+003A, 27 glyphs, 2620 bitmap bytes.
inline constexpr std::uint8_t kHugeBitmap[] = {
    0x00, 0x00, 0x07, 0xe0, 0x00, 0x00, 0x07, 0xe0, 0x00, 0x00, 0x07, 0xe0, 0x00, 0x00, 0x07, 0xe0,
    0x1f, 0xf0, 0x07, 0xe0, 0x1f, 0xf0, 0x07, 0xe0, 0x1f, 0xf0, 0x07, 0xe0, 0x1f, 0xf0, 0x07, 0xe0,
    0xfc, 0x7e, 0x3f, 0x00, 0xfc, 0x7e, 0x3f, 0x00, 0xfc, 0x7e, 0x3f, 0x00, 0xfc, 0x7e, 0x3f, 0x00,
    0xfc, 0x7e, 0x3f, 0x00, 0xfc, 0x7e, 0x3f, 0x00, 0xfc, 0x7e, 0x3f, 0x00, 0xfc, 0x7e, 0x3f, 0x00,
    0x1f, 0xf1, 0xf8, 0x00, 0x1f, 0xf1, 0xf8, 0x00, 0x1f, 0xf1, 0xf8, 0x00, 0x1f, 0xf1, 0xf8, 0x00,
    0x00, 0x01, 0xf8, 0x00, 0x00, 0x01, 0xf8, 0x00, 0x00, 0x01, 0xf8, 0x00, 0x00, 0x01, 0xf8, 0x00,
    0x00, 0x0f, 0xc0, 0x00, 0x00, 0x0f, 0xc0, 0x00, 0x00, 0x0f, 0xc0, 0x00, 0x00, 0x0f, 0xc0, 0x00,
    0x00, 0x0f, 0xc0, 0x00, 0x00, 0x0f, 0xc0, 0x00, 0x00, 0x0f, 0xc0, 0x00, 0x00, 0x0f, 0xc0, 0x00,
    0x00, 0x7e, 0x00, 0x00, 0x00, 0x7e, 0x00, 0x00, 0x00, 0x7e, 0x00, 0x00, 0x00, 0x7e, 0x00, 0x00,
    0x00, 0x7e, 0x3f, 0xe0, 0x00, 0x7e, 0x3f, 0xe0, 0x00, 0x7e, 0x3f, 0xe0, 0x00, 0x7e, 0x3f, 0xe0,
    0x03, 0xf1, 0xf8, 0xfc, 0x03, 0xf1, 0xf8, 0xfc, 0x03, 0xf1, 0xf8, 0xfc, 0x03, 0xf1, 0xf8, 0xfc,
    0x03, 0xf1, 0xf8, 0xfc, 0x03, 0xf1, 0xf8, 0xfc, 0x03, 0xf1, 0xf8, 0xfc, 0x03, 0xf1, 0xf8, 0xfc,
    0x1f, 0x80, 0x3f, 0xe0, 0x1f, 0x80, 0x3f, 0xe0, 0x1f, 0x80, 0x3f, 0xe0, 0x1f, 0x80, 0x3f, 0xe0,
    0x1f, 0x80, 0x00, 0x00, 0x1f, 0x80, 0x00, 0x00, 0x1f, 0x80, 0x00, 0x00, 0x1f, 0x80, 0x00, 0x00,
    0xff, 0xff, 0xff, 0xff, 0xff, 0xff, 0xff, 0xff, 0xff, 0xff, 0xff, 0xff, 0xfc, 0xfc, 0xfc, 0xfc,
    0xfc, 0xfc, 0xfc, 0xfc, 0x03, 0xff, 0xff, 0x00, 0x03, 0xff, 0xff, 0x00, 0x03, 0xff, 0xff, 0x00,
    0x03, 0xff, 0xff, 0x00, 0x1f, 0x80, 0x07, 0xe0, 0x1f, 0x80, 0x07, 0xe0, 0x1f, 0x80, 0x07, 0xe0,
    0x1f, 0x80, 0x07, 0xe0, 0xfc, 0x00, 0x00, 0xfc, 0xfc, 0x00, 0x00, 0xfc, 0xfc, 0x00, 0x00, 0xfc,
    0xfc, 0x00, 0x00, 0xfc, 0xfc, 0x00, 0x00, 0xfc, 0xfc, 0x00, 0x00, 0xfc, 0xfc, 0x00, 0x00, 0xfc,
    0xfc, 0x00, 0x00, 0xfc, 0xfc, 0x00, 0x07, 0xfc, 0xfc, 0x00, 0x07, 0xfc, 0xfc, 0x00, 0x07, 0xfc,
    0xfc, 0x00, 0x07, 0xfc, 0xfc, 0x00, 0x3f, 0xfc, 0xfc, 0x00, 0x3f, 0xfc, 0xfc, 0x00, 0x3f, 0xfc,
    0xfc, 0x00, 0x3f, 0xfc, 0xfc, 0x01, 0xf8, 0xfc, 0xfc, 0x01, 0xf8, 0xfc, 0xfc, 0x01, 0xf8, 0xfc,
    0xfc, 0x01, 0xf8, 0xfc, 0xfc, 0x0f, 0xc0, 0xfc, 0xfc, 0x0f, 0xc0, 0xfc, 0xfc, 0x0f, 0xc0, 0xfc,
    0xfc, 0x0f, 0xc0, 0xfc, 0xfc, 0x7e, 0x00, 0xfc, 0xfc, 0x7e, 0x00, 0xfc, 0xfc, 0x7e, 0x00, 0xfc,
    0xfc, 0x7e, 0x00, 0xfc, 0xff, 0xf0, 0x00, 0xfc, 0xff, 0xf0, 0x00, 0xfc, 0xff, 0xf0, 0x00, 0xfc,
    0xff, 0xf0, 0x00, 0xfc, 0xff, 0x80, 0x00, 0xfc, 0xff, 0x80, 0x00, 0xfc, 0xff, 0x80, 0x00, 0xfc,
    0xff, 0x80, 0x00, 0xfc, 0xfc, 0x00, 0x00, 0xfc, 0xfc, 0x00, 0x00, 0xfc, 0xfc, 0x00, 0x00, 0xfc,
    0xfc, 0x00, 0x00, 0xfc, 0xfc, 0x00, 0x00, 0xfc, 0xfc, 0x00, 0x00, 0xfc, 0xfc, 0x00, 0x00, 0xfc,
    0xfc, 0x00, 0x00, 0xfc, 0x1f, 0x80, 0x07, 0xe0, 0x1f, 0x80, 0x07, 0xe0, 0x1f, 0x80, 0x07, 0xe0,
    0x1f, 0x80, 0x07, 0xe0, 0x03, 0xff, 0xff, 0x00, 0x03, 0xff, 0xff, 0x00, 0x03, 0xff, 0xff, 0x00,
    0x03, 0xff, 0xff, 0x00, 0x03, 0xfe, 0x00, 0x03, 0xfe, 0x00, 0x03, 0xfe, 0x00, 0x03, 0xfe, 0x00,
    0x1f, 0xfe, 0x00, 0x1f, 0xfe, 0x00, 0x1f, 0xfe, 0x00, 0x1f, 0xfe, 0x00, 0xfc, 0x7e, 0x00, 0xfc,
    0x7e, 0x00, 0xfc, 0x7e, 0x00, 0xfc, 0x7e, 0x00, 0xe0, 0x7e, 0x00, 0xe0, 0x7e, 0x00, 0xe0, 0x7e,
    0x00, 0xe0, 0x7e, 0x00, 0x00, 0x7e, 0x00, 0x00, 0x7e, 0x00, 0x00, 0x7e, 0x00, 0x00, 0x7e, 0x00,
    0x00, 0x7e, 0x00, 0x00, 0x7e, 0x00, 0x00, 0x7e, 0x00, 0x00, 0x7e, 0x00, 0x00, 0x7e, 0x00, 0x00,
    0x7e, 0x00, 0x00, 0x7e, 0x00, 0x00, 0x7e, 0x00, 0x00, 0x7e, 0x00, 0x00, 0x7e, 0x00, 0x00, 0x7e,
    0x00, 0x00, 0x7e, 0x00, 0x00, 0x7e, 0x00, 0x00, 0x7e, 0x00, 0x00, 0x7e, 0x00, 0x00, 0x7e, 0x00,
    0x00, 0x7e, 0x00, 0x00, 0x7e, 0x00, 0x00, 0x7e, 0x00, 0x00, 0x7e, 0x00, 0x00, 0x7e, 0x00, 0x00,
    0x7e, 0x00, 0x00, 0x7e, 0x00, 0x00, 0x7e, 0x00, 0x00, 0x7e, 0x00, 0x00, 0x7e, 0x00, 0x00, 0x7e,
    0x00, 0x00, 0x7e, 0x00, 0x00, 0x7e, 0x00, 0x00, 0x7e, 0x00, 0x00, 0x7e, 0x00, 0x00, 0x7e, 0x00,
    0x00, 0x7e, 0x00, 0x00, 0x7e, 0x00, 0x00, 0x7e, 0x00, 0x00, 0x7e, 0x00, 0xff, 0xff, 0xff, 0xff,
    0xff, 0xff, 0xff, 0xff, 0xff, 0xff, 0xff, 0xff, 0x03, 0xff, 0xff, 0x00, 0x03, 0xff, 0xff, 0x00,
    0x03, 0xff, 0xff, 0x00, 0x03, 0xff, 0xff, 0x00, 0x1f, 0x80, 0x07, 0xe0, 0x1f, 0x80, 0x07, 0xe0,
    0x1f, 0x80, 0x07, 0xe0, 0x1f, 0x80, 0x07, 0xe0, 0xfc, 0x00, 0x00, 0xfc, 0xfc, 0x00, 0x00, 0xfc,
    0xfc, 0x00, 0x00, 0xfc, 0xfc, 0x00, 0x00, 0xfc, 0x00, 0x00, 0x00, 0xfc, 0x00, 0x00, 0x00, 0xfc,
    0x00, 0x00, 0x00, 0xfc, 0x00, 0x00, 0x00, 0xfc, 0x00, 0x00, 0x00, 0xfc, 0x00, 0x00, 0x00, 0xfc,
    0x00, 0x00, 0x00, 0xfc, 0x00, 0x00, 0x00, 0xfc, 0x00, 0x00, 0x00, 0xfc, 0x00, 0x00, 0x00, 0xfc,
    0x00, 0x00, 0x00, 0xfc, 0x00, 0x00, 0x00, 0xfc, 0x00, 0x00, 0x07, 0xe0, 0x00, 0x00, 0x07, 0xe0,
    0x00, 0x00, 0x07, 0xe0, 0x00, 0x00, 0x07, 0xe0, 0x00, 0x00, 0x3f, 0x00, 0x00, 0x00, 0x3f, 0x00,
    0x00, 0x00, 0x3f, 0x00, 0x00, 0x00, 0x3f, 0x00, 0x00, 0x01, 0xf8, 0x00, 0x00, 0x01, 0xf8, 0x00,
    0x00, 0x01, 0xf8, 0x00, 0x00, 0x01, 0xf8, 0x00, 0x00, 0x0f, 0xc0, 0x00, 0x00, 0x0f, 0xc0, 0x00,
    0x00, 0x0f, 0xc0, 0x00, 0x00, 0x0f, 0xc0, 0x00, 0x00, 0x7e, 0x00, 0x00, 0x00, 0x7e, 0x00, 0x00,
    0x00, 0x7e, 0x00, 0x00, 0x00, 0x7e, 0x00, 0x00, 0x03, 0xf0, 0x00, 0x00, 0x03, 0xf0, 0x00, 0x00,
    0x03, 0xf0, 0x00, 0x00, 0x03, 0xf0, 0x00, 0x00, 0x1f, 0x80, 0x00, 0x00, 0x1f, 0x80, 0x00, 0x00,
    0x1f, 0x80, 0x00, 0x00, 0x1f, 0x80, 0x00, 0x00, 0xfc, 0x00, 0x00, 0xfc, 0xfc, 0x00, 0x00, 0xfc,
    0xfc, 0x00, 0x00, 0xfc, 0xfc, 0x00, 0x00, 0xfc, 0xff, 0xff, 0xff, 0xfc, 0xff, 0xff, 0xff, 0xfc,
    0xff, 0xff, 0xff, 0xfc, 0xff, 0xff, 0xff, 0xfc, 0x03, 0xff, 0xff, 0x00, 0x03, 0xff, 0xff, 0x00,
    0x03, 0xff, 0xff, 0x00, 0x03, 0xff, 0xff, 0x00, 0x1f, 0x80, 0x07, 0xe0, 0x1f, 0x80, 0x07, 0xe0,
    0x1f, 0x80, 0x07, 0xe0, 0x1f, 0x80, 0x07, 0xe0, 0xfc, 0x00, 0x00, 0xfc, 0xfc, 0x00, 0x00, 0xfc,
    0xfc, 0x00, 0x00, 0xfc, 0xfc, 0x00, 0x00, 0xfc, 0x00, 0x00, 0x00, 0xfc, 0x00, 0x00, 0x00, 0xfc,
    0x00, 0x00, 0x00, 0xfc, 0x00, 0x00, 0x00, 0xfc, 0x00, 0x00, 0x00, 0xfc, 0x00, 0x00, 0x00, 0xfc,
    0x00, 0x00, 0x00, 0xfc, 0x00, 0x00, 0x00, 0xfc, 0x00, 0x00, 0x07, 0xe0, 0x00, 0x00, 0x07, 0xe0,
    0x00, 0x00, 0x07, 0xe0, 0x00, 0x00, 0x07, 0xe0, 0x00, 0x7f, 0xff, 0x00, 0x00, 0x7f, 0xff, 0x00,
    0x00, 0x7f, 0xff, 0x00, 0x00, 0x7f, 0xff, 0x00, 0x00, 0x00, 0x07, 0xe0, 0x00, 0x00, 0x07, 0xe0,
    0x00, 0x00, 0x07, 0xe0, 0x00, 0x00, 0x07, 0xe0, 0x00, 0x00, 0x00, 0xfc, 0x00, 0x00, 0x00, 0xfc,
    0x00, 0x00, 0x00, 0xfc, 0x00, 0x00, 0x00, 0xfc, 0x00, 0x00, 0x00, 0xfc, 0x00, 0x00, 0x00, 0xfc,
    0x00, 0x00, 0x00, 0xfc, 0x00, 0x00, 0x00, 0xfc, 0x00, 0x00, 0x00, 0xfc, 0x00, 0x00, 0x00, 0xfc,
    0x00, 0x00, 0x00, 0xfc, 0x00, 0x00, 0x00, 0xfc, 0x00, 0x00, 0x00, 0xfc, 0x00, 0x00, 0x00, 0xfc,
    0x00, 0x00, 0x00, 0xfc, 0x00, 0x00, 0x00, 0xfc, 0xfc, 0x00, 0x00, 0xfc, 0xfc, 0x00, 0x00, 0xfc,
    0xfc, 0x00, 0x00, 0xfc, 0xfc, 0x00, 0x00, 0xfc, 0x1f, 0x80, 0x07, 0xe0, 0x1f, 0x80, 0x07, 0xe0,
    0x1f, 0x80, 0x07, 0xe0, 0x1f, 0x80, 0x07, 0xe0, 0x03, 0xff, 0xff, 0x00, 0x03, 0xff, 0xff, 0x00,
    0x03, 0xff, 0xff, 0x00, 0x03, 0xff, 0xff, 0x00, 0xfc, 0x00, 0x00, 0x00, 0xfc, 0x00, 0x00, 0x00,
    0xfc, 0x00, 0x00, 0x00, 0xfc, 0x00, 0x00, 0x00, 0xfc, 0x00, 0x00, 0x00, 0xfc, 0x00, 0x00, 0x00,
    0xfc, 0x00, 0x00, 0x00, 0xfc, 0x00, 0x00, 0x00, 0xfc, 0x00, 0x00, 0x00, 0xfc, 0x00, 0x00, 0x00,
    0xfc, 0x00, 0x00, 0x00, 0xfc, 0x00, 0x00, 0x00, 0xfc, 0x00, 0x3f, 0x00, 0xfc, 0x00, 0x3f, 0x00,
    0xfc, 0x00, 0x3f, 0x00, 0xfc, 0x00, 0x3f, 0x00, 0xfc, 0x00, 0x3f, 0x00, 0xfc, 0x00, 0x3f, 0x00,
    0xfc, 0x00, 0x3f, 0x00, 0xfc, 0x00, 0x3f, 0x00, 0xfc, 0x00, 0x3f, 0x00, 0xfc, 0x00, 0x3f, 0x00,
    0xfc, 0x00, 0x3f, 0x00, 0xfc, 0x00, 0x3f, 0x00, 0xfc, 0x00, 0x3f, 0x00, 0xfc, 0x00, 0x3f, 0x00,
    0xfc, 0x00, 0x3f, 0x00, 0xfc, 0x00, 0x3f, 0x00, 0xfc, 0x00, 0x3f, 0x00, 0xfc, 0x00, 0x3f, 0x00,
    0xfc, 0x00, 0x3f, 0x00, 0xfc, 0x00, 0x3f, 0x00, 0xfc, 0x00, 0x3f, 0x00, 0xfc, 0x00, 0x3f, 0x00,
    0xfc, 0x00, 0x3f, 0x00, 0xfc, 0x00, 0x3f, 0x00, 0xfc, 0x00, 0x3f, 0x00, 0xfc, 0x00, 0x3f, 0x00,
    0xfc, 0x00, 0x3f, 0x00, 0xfc, 0x00, 0x3f, 0x00, 0xff, 0xff, 0xff, 0xfc, 0xff, 0xff, 0xff, 0xfc,
    0xff, 0xff, 0xff, 0xfc, 0xff, 0xff, 0xff, 0xfc, 0x00, 0x00, 0x3f, 0x00, 0x00, 0x00, 0x3f, 0x00,
    0x00, 0x00, 0x3f, 0x00, 0x00, 0x00, 0x3f, 0x00, 0x00, 0x00, 0x3f, 0x00, 0x00, 0x00, 0x3f, 0x00,
    0x00, 0x00, 0x3f, 0x00, 0x00, 0x00, 0x3f, 0x00, 0x00, 0x00, 0x3f, 0x00, 0x00, 0x00, 0x3f, 0x00,
    0x00, 0x00, 0x3f, 0x00, 0x00, 0x00, 0x3f, 0x00, 0x00, 0x00, 0x3f, 0x00, 0x00, 0x00, 0x3f, 0x00,
    0x00, 0x00, 0x3f, 0x00, 0x00, 0x00, 0x3f, 0x00, 0xff, 0xff, 0xff, 0xfc, 0xff, 0xff, 0xff, 0xfc,
    0xff, 0xff, 0xff, 0xfc, 0xff, 0xff, 0xff, 0xfc, 0xfc, 0x00, 0x00, 0xfc, 0xfc, 0x00, 0x00, 0xfc,
    0xfc, 0x00, 0x00, 0xfc, 0xfc, 0x00, 0x00, 0xfc, 0xfc, 0x00, 0x00, 0x00, 0xfc, 0x00, 0x00, 0x00,
    0xfc, 0x00, 0x00, 0x00, 0xfc, 0x00, 0x00, 0x00, 0xfc, 0x00, 0x00, 0x00, 0xfc, 0x00, 0x00, 0x00,
    0xfc, 0x00, 0x00, 0x00, 0xfc, 0x00, 0x00, 0x00, 0xfc, 0x00, 0x00, 0x00, 0xfc, 0x00, 0x00, 0x00,
    0xfc, 0x00, 0x00, 0x00, 0xfc, 0x00, 0x00, 0x00, 0xfc, 0x00, 0x00, 0x00, 0xfc, 0x00, 0x00, 0x00,
    0xfc, 0x00, 0x00, 0x00, 0xfc, 0x00, 0x00, 0x00, 0xff, 0xff, 0xff, 0x00, 0xff, 0xff, 0xff, 0x00,
    0xff, 0xff, 0xff, 0x00, 0xff, 0xff, 0xff, 0x00, 0x00, 0x00, 0x07, 0xe0, 0x00, 0x00, 0x07, 0xe0,
    0x00, 0x00, 0x07, 0xe0, 0x00, 0x00, 0x07, 0xe0, 0x00, 0x00, 0x00, 0xfc, 0x00, 0x00, 0x00, 0xfc,
    0x00, 0x00, 0x00, 0xfc, 0x00, 0x00, 0x00, 0xfc, 0x00, 0x00, 0x00, 0xfc, 0x00, 0x00, 0x00, 0xfc,
    0x00, 0x00, 0x00, 0xfc, 0x00, 0x00, 0x00, 0xfc, 0x00, 0x00, 0x00, 0xfc, 0x00, 0x00, 0x00, 0xfc,
    0x00, 0x00, 0x00, 0xfc, 0x00, 0x00, 0x00, 0xfc, 0x00, 0x00, 0x00, 0xfc, 0x00, 0x00, 0x00, 0xfc,
    0x00, 0x00, 0x00, 0xfc, 0x00, 0x00, 0x00, 0xfc, 0xfc, 0x00, 0x00, 0xfc, 0xfc, 0x00, 0x00, 0xfc,
    0xfc, 0x00, 0x00, 0xfc, 0xfc, 0x00, 0x00, 0xfc, 0x1f, 0x80, 0x07, 0xe0, 0x1f, 0x80, 0x07, 0xe0,
    0x1f, 0x80, 0x07, 0xe0, 0x1f, 0x80, 0x07, 0xe0, 0x03, 0xff, 0xff, 0x00, 0x03, 0xff, 0xff, 0x00,
    0x03, 0xff, 0xff, 0x00, 0x03, 0xff, 0xff, 0x00, 0x03, 0xff, 0xff, 0xe0, 0x03, 0xff, 0xff, 0xe0,
    0x03, 0xff, 0xff, 0xe0, 0x03, 0xff, 0xff, 0xe0, 0x1f, 0x80, 0x00, 0xfc, 0x1f, 0x80, 0x00, 0xfc,
    0x1f, 0x80, 0x00, 0xfc, 0x1f, 0x80, 0x00, 0xfc, 0xfc, 0x00, 0x00, 0x00, 0xfc, 0x00, 0x00, 0x00,
    0xfc, 0x00, 0x00, 0x00, 0xfc, 0x00, 0x00, 0x00, 0xfc, 0x00, 0x00, 0x00, 0xfc, 0x00, 0x00, 0x00,
    0xfc, 0x00, 0x00, 0x00, 0xfc, 0x00, 0x00, 0x00, 0xfc, 0x00, 0x00, 0x00, 0xfc, 0x00, 0x00, 0x00,
    0xfc, 0x00, 0x00, 0x00, 0xfc, 0x00, 0x00, 0x00, 0xfc, 0x00, 0x00, 0x00, 0xfc, 0x00, 0x00, 0x00,
    0xfc, 0x00, 0x00, 0x00, 0xfc, 0x00, 0x00, 0x00, 0xff, 0xff, 0xff, 0x00, 0xff, 0xff, 0xff, 0x00,
    0xff, 0xff, 0xff, 0x00, 0xff, 0xff, 0xff, 0x00, 0xfc, 0x00, 0x07, 0xe0, 0xfc, 0x00, 0x07, 0xe0,
    0xfc, 0x00, 0x07, 0xe0, 0xfc, 0x00, 0x07, 0xe0, 0xfc, 0x00, 0x00, 0xfc, 0xfc, 0x00, 0x00, 0xfc,
    0xfc, 0x00, 0x00, 0xfc, 0xfc, 0x00, 0x00, 0xfc, 0xfc, 0x00, 0x00, 0xfc, 0xfc, 0x00, 0x00, 0xfc,
    0xfc, 0x00, 0x00, 0xfc, 0xfc, 0x00, 0x00, 0xfc, 0xfc, 0x00, 0x00, 0xfc, 0xfc, 0x00, 0x00, 0xfc,
    0xfc, 0x00, 0x00, 0xfc, 0xfc, 0x00, 0x00, 0xfc, 0xfc, 0x00, 0x00, 0xfc, 0xfc, 0x00, 0x00, 0xfc,
    0xfc, 0x00, 0x00, 0xfc, 0xfc, 0x00, 0x00, 0xfc, 0xfc, 0x00, 0x00, 0xfc, 0xfc, 0x00, 0x00, 0xfc,
    0xfc, 0x00, 0x00, 0xfc, 0xfc, 0x00, 0x00, 0xfc, 0x1f, 0x80, 0x07, 0xe0, 0x1f, 0x80, 0x07, 0xe0,
    0x1f, 0x80, 0x07, 0xe0, 0x1f, 0x80, 0x07, 0xe0, 0x03, 0xff, 0xff, 0x00, 0x03, 0xff, 0xff, 0x00,
    0x03, 0xff, 0xff, 0x00, 0x03, 0xff, 0xff, 0x00, 0xff, 0xff, 0xff, 0xfc, 0xff, 0xff, 0xff, 0xfc,
    0xff, 0xff, 0xff, 0xfc, 0xff, 0xff, 0xff, 0xfc, 0xfc, 0x00, 0x00, 0xfc, 0xfc, 0x00, 0x00, 0xfc,
    0xfc, 0x00, 0x00, 0xfc, 0xfc, 0x00, 0x00, 0xfc, 0x00, 0x00, 0x00, 0xfc, 0x00, 0x00, 0x00, 0xfc,
    0x00, 0x00, 0x00, 0xfc, 0x00, 0x00, 0x00, 0xfc, 0x00, 0x00, 0x00, 0xfc, 0x00, 0x00, 0x00, 0xfc,
    0x00, 0x00, 0x00, 0xfc, 0x00, 0x00, 0x00, 0xfc, 0x00, 0x00, 0x00, 0xfc, 0x00, 0x00, 0x00, 0xfc,
    0x00, 0x00, 0x00, 0xfc, 0x00, 0x00, 0x00, 0xfc, 0x00, 0x00, 0x07, 0xe0, 0x00, 0x00, 0x07, 0xe0,
    0x00, 0x00, 0x07, 0xe0, 0x00, 0x00, 0x07, 0xe0, 0x00, 0x00, 0x3f, 0x00, 0x00, 0x00, 0x3f, 0x00,
    0x00, 0x00, 0x3f, 0x00, 0x00, 0x00, 0x3f, 0x00, 0x00, 0x01, 0xf8, 0x00, 0x00, 0x01, 0xf8, 0x00,
    0x00, 0x01, 0xf8, 0x00, 0x00, 0x01, 0xf8, 0x00, 0x00, 0x0f, 0xc0, 0x00, 0x00, 0x0f, 0xc0, 0x00,
    0x00, 0x0f, 0xc0, 0x00, 0x00, 0x0f, 0xc0, 0x00, 0x00, 0x7e, 0x00, 0x00, 0x00, 0x7e, 0x00, 0x00,
    0x00, 0x7e, 0x00, 0x00, 0x00, 0x7e, 0x00, 0x00, 0x00, 0x7e, 0x00, 0x00, 0x00, 0x7e, 0x00, 0x00,
    0x00, 0x7e, 0x00, 0x00, 0x00, 0x7e, 0x00, 0x00, 0x00, 0x7e, 0x00, 0x00, 0x00, 0x7e, 0x00, 0x00,
    0x00, 0x7e, 0x00, 0x00, 0x00, 0x7e, 0x00, 0x00, 0x00, 0x7e, 0x00, 0x00, 0x00, 0x7e, 0x00, 0x00,
    0x00, 0x7e, 0x00, 0x00, 0x00, 0x7e, 0x00, 0x00, 0x00, 0x7e, 0x00, 0x00, 0x00, 0x7e, 0x00, 0x00,
    0x00, 0x7e, 0x00, 0x00, 0x00, 0x7e, 0x00, 0x00, 0x00, 0x7e, 0x00, 0x00, 0x00, 0x7e, 0x00, 0x00,
    0x00, 0x7e, 0x00, 0x00, 0x00, 0x7e, 0x00, 0x00, 0x03, 0xff, 0xff, 0x00, 0x03, 0xff, 0xff, 0x00,
    0x03, 0xff, 0xff, 0x00, 0x03, 0xff, 0xff, 0x00, 0x1f, 0x80, 0x07, 0xe0, 0x1f, 0x80, 0x07, 0xe0,
    0x1f, 0x80, 0x07, 0xe0, 0x1f, 0x80, 0x07, 0xe0, 0xfc, 0x00, 0x00, 0xfc, 0xfc, 0x00, 0x00, 0xfc,
    0xfc, 0x00, 0x00, 0xfc, 0xfc, 0x00, 0x00, 0xfc, 0xfc, 0x00, 0x00, 0xfc, 0xfc, 0x00, 0x00, 0xfc,
    0xfc, 0x00, 0x00, 0xfc, 0xfc, 0x00, 0x00, 0xfc, 0xfc, 0x00, 0x00, 0xfc, 0xfc, 0x00, 0x00, 0xfc,
    0xfc, 0x00, 0x00, 0xfc, 0xfc, 0x00, 0x00, 0xfc, 0x1f, 0x80, 0x07, 0xe0, 0x1f, 0x80, 0x07, 0xe0,
    0x1f, 0x80, 0x07, 0xe0, 0x1f, 0x80, 0x07, 0xe0, 0x03, 0xff, 0xff, 0x00, 0x03, 0xff, 0xff, 0x00,
    0x03, 0xff, 0xff, 0x00, 0x03, 0xff, 0xff, 0x00, 0x1f, 0x80, 0x07, 0xe0, 0x1f, 0x80, 0x07, 0xe0,
    0x1f, 0x80, 0x07, 0xe0, 0x1f, 0x80, 0x07, 0xe0, 0xfc, 0x00, 0x00, 0xfc, 0xfc, 0x00, 0x00, 0xfc,
    0xfc, 0x00, 0x00, 0xfc, 0xfc, 0x00, 0x00, 0xfc, 0xfc, 0x00, 0x00, 0xfc, 0xfc, 0x00, 0x00, 0xfc,
    0xfc, 0x00, 0x00, 0xfc, 0xfc, 0x00, 0x00, 0xfc, 0xfc, 0x00, 0x00, 0xfc, 0xfc, 0x00, 0x00, 0xfc,
    0xfc, 0x00, 0x00, 0xfc, 0xfc, 0x00, 0x00, 0xfc, 0xfc, 0x00, 0x00, 0xfc, 0xfc, 0x00, 0x00, 0xfc,
    0xfc, 0x00, 0x00, 0xfc, 0xfc, 0x00, 0x00, 0xfc, 0xfc, 0x00, 0x00, 0xfc, 0xfc, 0x00, 0x00, 0xfc,
    0xfc, 0x00, 0x00, 0xfc, 0xfc, 0x00, 0x00, 0xfc, 0x1f, 0x80, 0x07, 0xe0, 0x1f, 0x80, 0x07, 0xe0,
    0x1f, 0x80, 0x07, 0xe0, 0x1f, 0x80, 0x07, 0xe0, 0x03, 0xff, 0xff, 0x00, 0x03, 0xff, 0xff, 0x00,
    0x03, 0xff, 0xff, 0x00, 0x03, 0xff, 0xff, 0x00, 0x03, 0xff, 0xff, 0x00, 0x03, 0xff, 0xff, 0x00,
    0x03, 0xff, 0xff, 0x00, 0x03, 0xff, 0xff, 0x00, 0x1f, 0x80, 0x07, 0xe0, 0x1f, 0x80, 0x07, 0xe0,
    0x1f, 0x80, 0x07, 0xe0, 0x1f, 0x80, 0x07, 0xe0, 0xfc, 0x00, 0x00, 0xfc, 0xfc, 0x00, 0x00, 0xfc,
    0xfc, 0x00, 0x00, 0xfc, 0xfc, 0x00, 0x00, 0xfc, 0xfc, 0x00, 0x00, 0xfc, 0xfc, 0x00, 0x00, 0xfc,
    0xfc, 0x00, 0x00, 0xfc, 0xfc, 0x00, 0x00, 0xfc, 0xfc, 0x00, 0x00, 0xfc, 0xfc, 0x00, 0x00, 0xfc,
    0xfc, 0x00, 0x00, 0xfc, 0xfc, 0x00, 0x00, 0xfc, 0xfc, 0x00, 0x00, 0xfc, 0xfc, 0x00, 0x00, 0xfc,
    0xfc, 0x00, 0x00, 0xfc, 0xfc, 0x00, 0x00, 0xfc, 0xfc, 0x00, 0x00, 0xfc, 0xfc, 0x00, 0x00, 0xfc,
    0xfc, 0x00, 0x00, 0xfc, 0xfc, 0x00, 0x00, 0xfc, 0x1f, 0x80, 0x00, 0xfc, 0x1f, 0x80, 0x00, 0xfc,
    0x1f, 0x80, 0x00, 0xfc, 0x1f, 0x80, 0x00, 0xfc, 0x03, 0xff, 0xff, 0xfc, 0x03, 0xff, 0xff, 0xfc,
    0x03, 0xff, 0xff, 0xfc, 0x03, 0xff, 0xff, 0xfc, 0x00, 0x00, 0x00, 0xfc, 0x00, 0x00, 0x00, 0xfc,
    0x00, 0x00, 0x00, 0xfc, 0x00, 0x00, 0x00, 0xfc, 0x00, 0x00, 0x00, 0xfc, 0x00, 0x00, 0x00, 0xfc,
    0x00, 0x00, 0x00, 0xfc, 0x00, 0x00, 0x00, 0xfc, 0x00, 0x00, 0x00, 0xfc, 0x00, 0x00, 0x00, 0xfc,
    0x00, 0x00, 0x00, 0xfc, 0x00, 0x00, 0x00, 0xfc, 0x00, 0x00, 0x00, 0xfc, 0x00, 0x00, 0x00, 0xfc,
    0x00, 0x00, 0x00, 0xfc, 0x00, 0x00, 0x00, 0xfc, 0xfc, 0x00, 0x07, 0xe0, 0xfc, 0x00, 0x07, 0xe0,
    0xfc, 0x00, 0x07, 0xe0, 0xfc, 0x00, 0x07, 0xe0, 0x1f, 0xff, 0xff, 0x00, 0x1f, 0xff, 0xff, 0x00,
    0x1f, 0xff, 0xff, 0x00, 0x1f, 0xff, 0xff, 0x00, 0xfc, 0xfc, 0xfc, 0xfc, 0xfc, 0xfc, 0xfc, 0xfc,
    0x00, 0x00, 0x00, 0x00, 0x00, 0x00, 0x00, 0x00, 0x00, 0x00, 0x00, 0x00, 0x00, 0x00, 0x00, 0x00,
    0x00, 0x00, 0x00, 0x00, 0xfc, 0xfc, 0xfc, 0xfc, 0xfc, 0xfc, 0xfc, 0xfc,
};
inline constexpr Glyph kHugeGlyphs[] = {
    {0, 0, 0, 0, 0, 36}, // U+0020
    {0, 0, 0, 0, 0, 36}, // U+0021
    {0, 0, 0, 0, 0, 36}, // U+0022
    {0, 0, 0, 0, 0, 36}, // U+0023
    {0, 0, 0, 0, 0, 36}, // U+0024
    {0, 30, 56, 3, -56, 36}, // U+0025
    {0, 0, 0, 0, 0, 36}, // U+0026
    {0, 0, 0, 0, 0, 36}, // U+0027
    {0, 0, 0, 0, 0, 36}, // U+0028
    {0, 0, 0, 0, 0, 36}, // U+0029
    {0, 0, 0, 0, 0, 36}, // U+002A
    {0, 0, 0, 0, 0, 36}, // U+002B
    {0, 0, 0, 0, 0, 36}, // U+002C
    {224, 24, 4, 6, -28, 36}, // U+002D
    {236, 6, 8, 15, -8, 36}, // U+002E
    {0, 0, 0, 0, 0, 36}, // U+002F
    {244, 30, 60, 3, -60, 36}, // U+0030
    {484, 24, 60, 6, -60, 36}, // U+0031
    {664, 30, 60, 3, -60, 36}, // U+0032
    {904, 30, 60, 3, -60, 36}, // U+0033
    {1144, 30, 60, 3, -60, 36}, // U+0034
    {1384, 30, 60, 3, -60, 36}, // U+0035
    {1624, 30, 60, 3, -60, 36}, // U+0036
    {1864, 30, 60, 3, -60, 36}, // U+0037
    {2104, 30, 60, 3, -60, 36}, // U+0038
    {2344, 30, 60, 3, -60, 36}, // U+0039
    {2584, 6, 36, 15, -36, 36}, // U+003A
};

/// Indexed by FontId.
inline constexpr Font kFonts[] = {
    Font{.name = "spleen-6x12", .line_height = 12, .ascent = 9, .first = U'\x0020', .glyphs = kSmallGlyphs, .bitmap = kSmallBitmap, .fallback_index = 31},
    Font{.name = "spleen-8x16", .line_height = 16, .ascent = 12, .first = U'\x0020', .glyphs = kMediumGlyphs, .bitmap = kMediumBitmap, .fallback_index = 31},
    Font{.name = "spleen-16x32", .line_height = 32, .ascent = 26, .first = U'\x0020', .glyphs = kLargeGlyphs, .bitmap = kLargeBitmap, .fallback_index = 31},
    Font{.name = "spleen-12x24-x3y4", .line_height = 96, .ascent = 76, .first = U'\x0020', .glyphs = kHugeGlyphs, .bitmap = kHugeBitmap, .fallback_index = 0},
};

} // namespace qz::gfx::generated
// NOLINTEND
